tsne1,tsne2,reciter
6.5609074,-5.5162325,Bander_Balilah
2.8721051,11.347809,Bander_Balilah
-2.6669724,-3.080173,Bander_Balilah
-8.83169,-1.7082617,Bander_Balilah
-5.5399942,-4.9064035,Bander_Balilah
-10.66361,0.45861083,Bander_Balilah
-10.626344,3.844786,Bander_Balilah
-10.6624,3.9666348,Bander_Balilah
-2.5971832,9.629051,Bander_Balilah
-1.8744574,9.599033,Bander_Balilah
-8.801145,-1.7510606,Bander_Balilah
6.4521565,-4.6757607,Bander_Balilah
-4.8031225,-6.0006986,Bander_Balilah
-10.438352,2.4953253,Bander_Balilah
6.535236,-5.1980786,Bander_Balilah
-10.788474,0.5935913,Bander_Balilah
6.4735036,-5.6600494,Bander_Balilah
-2.645101,9.473215,Bander_Balilah
3.2999756,11.353156,Bander_Balilah
-10.543783,0.29195195,Bander_Balilah
6.300957,-4.354444,Bander_Balilah
-9.426009,-0.9321845,Bander_Balilah
-8.66244,-1.8378111,Bander_Balilah
-4.777042,-5.920783,Bander_Balilah
6.4002132,-4.5192327,Bander_Balilah
-8.74794,-1.7482243,Bander_Balilah
-2.5312302,-3.0957541,Bander_Balilah
2.8592517,11.344878,Bander_Balilah
-10.625132,3.8202305,Bander_Balilah
-5.6887383,-4.810522,Bander_Balilah
-10.415425,0.24285266,Bander_Balilah
-8.7135935,-1.7950058,Bander_Balilah
-5.4369087,-4.9182506,Bander_Balilah
6.4739785,-4.7135015,Bander_Balilah
3.2188342,11.308411,Bander_Balilah
-8.217304,-2.1257372,Bander_Balilah
6.6233644,-5.9351764,Bander_Balilah
6.27652,-4.275381,Bander_Balilah
6.653775,-6.4445996,Bander_Balilah
-2.6534204,-3.0673246,Bander_Balilah
-2.6688585,9.6417885,Bander_Balilah
-10.660891,3.9747279,Bander_Balilah
-5.710641,-4.835906,Bander_Balilah
6.626462,-5.9831786,Bander_Balilah
-5.82159,-4.6613135,Bander_Balilah
-5.969416,-4.49985,Bander_Balilah
6.3047376,-4.411235,Bander_Balilah
-2.3309908,5.563804,Bander_Balilah
-8.606235,-1.870235,Bander_Balilah
3.5089107,11.317481,Bander_Balilah
6.4664984,-4.714977,Bander_Balilah
-2.5972652,-3.1620827,Bander_Balilah
-8.886902,-0.8963759,Bander_Balilah
6.443375,-4.600766,Bander_Balilah
-2.523642,-3.0276535,Bander_Balilah
6.5393543,-5.2196784,Bander_Balilah
-10.514375,2.2357647,Bander_Balilah
-10.531646,3.8053837,Bander_Balilah
-10.66285,3.971973,Bander_Balilah
-10.619452,0.3482014,Bander_Balilah
-8.998459,-1.3292156,Bander_Balilah
6.410318,-4.5247397,Bander_Balilah
6.4921927,-5.3831573,Bander_Balilah
-10.431147,0.21012859,Bander_Balilah
-10.692805,3.9767,Bander_Balilah
6.5290675,-5.248846,Bander_Balilah
-10.54613,3.7276824,Bander_Balilah
-10.415059,0.15089627,Bander_Balilah
-2.4792838,-3.150845,Bander_Balilah
-10.811179,0.50887,Bander_Balilah
-10.684421,1.823494,Bander_Balilah
6.549153,-5.2254663,Bander_Balilah
-5.678887,-4.7669244,Bander_Balilah
4.1208525,11.198726,Bander_Balilah
-8.664975,-1.7773266,Bander_Balilah
6.4554806,-4.664876,Bander_Balilah
-5.4406853,-4.9205594,Bander_Balilah
-2.523322,-3.087722,Bander_Balilah
-9.499927,-0.8462193,Bander_Balilah
3.1849813,11.291314,Bander_Balilah
-10.563609,3.7460964,Bander_Balilah
3.8734887,10.903851,Bander_Balilah
6.5285153,-5.3877892,Bander_Balilah
-5.7888913,-4.6928377,Bander_Balilah
-2.6658037,-3.0923722,Bander_Balilah
5.6783957,10.200453,Bander_Balilah
6.559986,-5.6045246,Bander_Balilah
-10.52047,0.2657499,Bander_Balilah
-5.6516004,-5.013394,Bander_Balilah
6.454326,-4.660011,Bander_Balilah
-10.435971,0.18670282,Bander_Balilah
6.5141487,-5.034112,Bander_Balilah
-0.39704213,7.416608,Bander_Balilah
-10.599847,3.868934,Bander_Balilah
3.4240425,11.308774,Bander_Balilah
6.478359,-4.668585,Bander_Balilah
-3.762575,-7.790189,Bander_Balilah
0.53014123,7.387404,Bander_Balilah
-5.7301335,-4.683629,Bander_Balilah
-4.897922,-5.81265,Bander_Balilah
4.6087003,11.108087,Bander_Balilah
-10.328865,0.16209778,Bander_Balilah
-10.834743,0.56845444,Bander_Balilah
-10.666538,0.3846443,Bander_Balilah
-10.595308,0.42248014,Bander_Balilah
-9.790779,-0.4632822,Bander_Balilah
2.7633789,11.3180685,Bander_Balilah
-9.276806,-1.52425,Bander_Balilah
-5.412577,-4.9694467,Bander_Balilah
-10.771305,0.5037407,Bander_Balilah
-10.125509,3.222875,Bander_Balilah
-10.930144,0.6880265,Bander_Balilah
-3.5679538,6.0968013,Bander_Balilah
-8.725405,-1.747973,Bander_Balilah
6.563258,-5.519249,Bander_Balilah
6.288734,-4.283777,Bander_Balilah
-9.021685,-1.5837734,Bander_Balilah
3.5455449,11.2420635,Bander_Balilah
-10.355284,0.117469236,Bander_Balilah
-8.927866,-1.335611,Bander_Balilah
-5.6311426,-4.849487,Bander_Balilah
6.629212,-6.1690383,Bander_Balilah
3.5270684,11.270873,Bander_Balilah
-10.371393,0.14230293,Bander_Balilah
6.561651,-5.6237006,Bander_Balilah
3.8490381,10.660627,Bander_Balilah
-2.721756,8.905133,Bander_Balilah
6.7490935,9.684536,Bander_Balilah
-2.5263028,-3.197377,Bander_Balilah
-10.911991,0.6760415,Bander_Balilah
-2.637859,5.9390583,Bander_Balilah
6.478413,-4.7215157,Bander_Balilah
-8.611013,-1.6754549,Bander_Balilah
6.419127,-4.5704308,Bander_Balilah
-9.125011,-1.3792018,Bander_Balilah
-10.732419,1.8517182,Bander_Balilah
1.9790101,10.583036,Bander_Balilah
-5.885668,-4.588754,Bander_Balilah
-10.8388405,1.1108166,Bander_Balilah
-5.903455,-4.5840063,Bander_Balilah
-10.806622,0.50597537,Bander_Balilah
-10.176866,0.039021105,Bander_Balilah
-3.0925813,8.103366,Bander_Balilah
-6.054784,-4.4040384,Bander_Balilah
-5.869433,-4.6291375,Bander_Balilah
3.914561,11.177101,Bander_Balilah
-10.633056,3.8701084,Bander_Balilah
-5.726507,-4.775009,Bander_Balilah
-10.878851,1.0249963,Bander_Balilah
-2.6312845,-3.0820081,Bander_Balilah
-8.669541,-1.7137815,Bander_Balilah
-8.659677,-1.6979725,Bander_Balilah
6.650689,-6.258407,Bander_Balilah
-8.727118,-1.747683,Bander_Balilah
6.5371246,-5.669183,Bander_Balilah
-10.691277,0.487167,Bander_Balilah
-8.713145,-1.7530057,Bander_Balilah
6.5177355,-5.088713,Bander_Balilah
-8.829542,-1.5192434,Bander_Balilah
-2.5035841,-3.1186392,Bander_Balilah
3.699377,11.157291,Bander_Balilah
-10.683954,0.40188512,Bander_Balilah
-4.6333385,8.805179,Bander_Balilah
-5.5108023,-4.9431763,Bander_Balilah
-2.560351,-3.062683,Bander_Balilah
-8.976848,-1.1487346,Bander_Balilah
-5.583342,-4.8530746,Bander_Balilah
3.928224,11.080495,Bander_Balilah
-2.5062492,-3.0856743,Bander_Balilah
-5.6553454,-4.908507,Bander_Balilah
-2.6604583,5.743398,Bander_Balilah
-8.287944,-2.047665,Bander_Balilah
-3.8505423,6.4868393,Bander_Balilah
3.57198,11.24853,Bander_Balilah
-2.5909362,-3.0898154,Bander_Balilah
-2.6321294,-3.0270069,Bander_Balilah
-5.1893535,7.1975837,Bander_Balilah
-5.689905,-4.786616,Bander_Balilah
-10.8303995,0.92731076,Bander_Balilah
-10.632518,3.8423424,Bander_Balilah
-2.7734275,9.37298,Bander_Balilah
-10.860571,0.8428443,Bander_Balilah
-2.6559823,-3.0788715,Bander_Balilah
6.492521,-4.903812,Bander_Balilah
-10.673641,0.42509985,Bander_Balilah
3.5701547,11.3584585,Bander_Balilah
-8.911103,-1.3675289,Bander_Balilah
6.566423,-5.488466,Bander_Balilah
-5.3957424,-5.0647907,Bander_Balilah
-5.243443,-5.176356,Bander_Balilah
-2.0889344,9.807728,Bander_Balilah
-10.630675,3.970617,Bander_Balilah
3.6832616,11.23781,Bander_Balilah
-5.7922025,-4.6693826,Bander_Balilah
-2.5718544,-3.0842106,Bander_Balilah
-5.6841283,-4.7925653,Bander_Balilah
-10.569114,3.7941904,Bander_Balilah
-8.941995,-1.4252106,Bander_Balilah
3.4071014,11.324948,Bander_Balilah
-8.673082,-1.7363447,Bander_Balilah
-9.170089,-1.4332374,Bander_Balilah
-8.661569,-1.7431359,Bander_Balilah
-10.572327,0.29644465,Bander_Balilah
6.5076647,-4.9319916,Bander_Balilah
-10.602081,3.8332467,Bander_Balilah
-10.614756,3.8408315,Bander_Balilah
-10.076477,-0.07357547,Bander_Balilah
-2.6415198,-3.0796373,Bander_Balilah
6.704902,-6.248881,Bander_Balilah
-3.5655048,5.144527,Bander_Balilah
-2.8286014,9.330287,Bander_Balilah
-9.056852,-0.6157615,Bander_Balilah
3.2931092,11.308535,Bander_Balilah
6.653857,-6.075476,Bander_Balilah
6.6056,-5.8215084,Bander_Balilah
-10.639452,3.9409456,Bander_Balilah
-10.588342,3.7343688,Bander_Balilah
-2.6323397,-3.1079338,Bander_Balilah
-5.3127937,-5.124555,Bander_Balilah
-10.689553,0.43341255,Bander_Balilah
-10.796459,0.5800554,Bander_Balilah
-10.221936,4.2485647,Bander_Balilah
-10.857862,0.7086459,Bander_Balilah
-10.644042,3.8352172,Bander_Balilah
-8.866735,-1.5817572,Bander_Balilah
-10.80967,1.3051034,Bander_Balilah
-5.6674795,-4.690264,Bander_Balilah
4.668283,11.11107,Bander_Balilah
-2.4353907,9.520088,Bander_Balilah
-2.7846544,-3.1633563,Bander_Balilah
4.065958,10.709264,Bander_Balilah
6.399772,-4.3921084,Bander_Balilah
-4.993037,-5.6438518,Bander_Balilah
-10.650782,3.8500094,Bander_Balilah
-10.619452,3.7916443,Bander_Balilah
-10.626986,3.8831105,Bander_Balilah
6.4459634,-4.634438,Bander_Balilah
-10.816618,0.6205797,Bander_Balilah
6.438349,-4.631272,Bander_Balilah
-10.8466625,0.5916454,Bander_Balilah
-10.449351,0.2166308,Bander_Balilah
-10.556182,3.6565108,Bander_Balilah
-8.948067,-1.377312,Bander_Balilah
-3.3430226,4.99578,Bander_Balilah
-10.79954,0.5104453,Bander_Balilah
-9.089509,-1.3178214,Bander_Balilah
-10.542255,3.7133155,Bander_Balilah
-10.54327,3.7855463,Bander_Balilah
-8.301088,-1.9636713,Bander_Balilah
-2.2267284,8.607056,Bander_Balilah
-5.5111675,-4.907253,Bander_Balilah
-3.0230694,9.574919,Bander_Balilah
6.556094,-5.3398356,Bander_Balilah
-2.667239,5.8460736,Bander_Balilah
-9.030988,-1.4282398,Bander_Balilah
-10.359299,0.13877404,Bander_Balilah
-2.6133573,-3.0992436,Bander_Balilah
-2.590151,-3.0555816,Bander_Balilah
-2.0666516,9.20078,Bander_Balilah
-2.5897985,-3.0823934,Bander_Balilah
-2.749106,9.531356,Bander_Balilah
3.4447284,11.350232,Bander_Balilah
3.886039,11.102428,Bander_Balilah
-10.612455,3.8415284,Bander_Balilah
3.2766323,11.3534565,Bander_Balilah
-5.4014764,-4.8733087,Bander_Balilah
3.314265,11.345528,Bander_Balilah
3.0163825,11.313399,Bander_Balilah
-2.5460784,-3.0921762,Bander_Balilah
6.5066123,-5.069388,Bander_Balilah
-2.6003184,-3.0764751,Bander_Balilah
3.2028382,11.327262,Bander_Balilah
-2.363224,5.756555,Bander_Balilah
-10.571155,3.9251275,Bander_Balilah
-2.6690552,-3.11675,Bander_Balilah
-10.646492,3.908317,Bander_Balilah
-8.8928,-1.4493381,Bander_Balilah
-4.6588697,-6.2681794,Bander_Balilah
6.5014243,-4.860548,Bander_Balilah
-2.4697595,-3.099695,Bander_Balilah
-2.4971201,9.446215,Bander_Balilah
-7.832846,-2.016471,Bander_Balilah
-5.4504223,-4.990934,Bander_Balilah
-10.602513,1.8197,Bander_Balilah
6.930281,-7.974353,Bander_Balilah
-10.679195,3.9297736,Bander_Balilah
-5.4272914,-4.944894,Bander_Balilah
-9.059531,-1.3088689,Bander_Balilah
6.4684954,-5.3002615,Bander_Balilah
-10.690934,3.9998965,Bander_Balilah
-2.6217558,-3.0622175,Bander_Balilah
-5.42648,-4.999683,Bander_Balilah
6.533665,-5.5699816,Bander_Balilah
-5.4991074,5.5501213,Bander_Balilah
-2.4320135,9.419653,Bander_Balilah
6.5055485,-5.123198,Bander_Balilah
6.5376525,-5.0279365,Bander_Balilah
-10.934907,0.9093277,Bander_Balilah
-10.2333555,0.019792851,Bander_Balilah
-2.5822804,-3.1089199,Bander_Balilah
-10.763342,0.5296078,Bander_Balilah
-10.592659,3.8459263,Bander_Balilah
-2.082649,9.257492,Bander_Balilah
-5.711657,-4.724941,Bander_Balilah
-9.6659155,2.6769056,Bander_Balilah
-5.9114885,5.1966004,Bander_Balilah
-5.179578,-5.243718,Bander_Balilah
-10.377667,0.17714052,Bander_Balilah
6.6135526,-5.8519454,Bander_Balilah
-10.884324,0.7447035,Bander_Balilah
-10.839096,1.2290232,Bander_Balilah
-8.884487,-1.4647853,Bander_Balilah
-10.667829,3.9068851,Bander_Balilah
-10.658738,0.38134167,Bander_Balilah
-2.6087425,-3.1055298,Bander_Balilah
-2.530442,9.503673,Bander_Balilah
4.0668135,10.777045,Bander_Balilah
-2.6017215,-3.0575268,Bander_Balilah
-10.750321,0.45345578,Bander_Balilah
-5.0717483,-5.4987507,Bander_Balilah
-8.902796,-1.7818048,Bander_Balilah
6.484196,-4.8567753,Bander_Balilah
-4.87487,-5.843649,Bander_Balilah
-2.7230895,9.535003,Bander_Balilah
-2.6746347,-3.0747972,Bander_Balilah
-10.575416,3.8742738,Bander_Balilah
-5.0495515,-5.5650625,Bander_Balilah
-8.869018,-1.526062,Bander_Balilah
3.5779402,11.360967,Bander_Balilah
-3.2240477,5.0134053,Bander_Balilah
-1.8595693,8.985654,Bander_Balilah
-2.6060348,-3.0739224,Bander_Balilah
6.503082,-5.060765,Bander_Balilah
-5.808104,-4.6715674,Bander_Balilah
-10.911166,0.7371035,Bander_Balilah
-10.822623,0.64846706,Bander_Balilah
-9.084859,-0.18681113,Bander_Balilah
-5.5884485,-4.8963437,Bander_Balilah
3.570261,11.295593,Bander_Balilah
-9.354124,-1.4250472,Bander_Balilah
-10.685904,0.41890508,Bander_Balilah
6.480718,-5.11148,Bander_Balilah
3.5027418,11.239231,Bander_Balilah
-10.757424,0.5104625,Bander_Balilah
-2.5390162,9.515697,Bander_Balilah
3.5459702,11.349575,Bander_Balilah
6.6947737,-6.4668727,Bander_Balilah
-10.612551,3.8091915,Bander_Balilah
-1.8580376,9.637873,Bander_Balilah
-5.6680374,-4.911135,Bander_Balilah
-10.822203,0.6492924,Bander_Balilah
-8.84908,-1.4434606,Bander_Balilah
6.557895,-6.9585395,Bander_Balilah
-2.6177027,-3.112807,Bander_Balilah
-10.870714,0.63396394,Bander_Balilah
-10.484252,0.2360723,Bander_Balilah
-2.6194656,-3.0992413,Bander_Balilah
-10.522063,3.7519343,Bander_Balilah
-5.7108684,-4.7336564,Bander_Balilah
-2.2913275,9.516124,Bander_Balilah
-10.703431,0.4582083,Bander_Balilah
0.102415614,6.141976,Bander_Balilah
-5.182394,-6.753778,Bander_Balilah
-5.6890187,-4.8307495,Bander_Balilah
6.3527846,-4.415694,Bander_Balilah
-10.727463,0.675288,Bander_Balilah
-2.6080356,-3.074323,Bander_Balilah
-5.413649,-5.0183306,Bander_Balilah
-0.40777043,7.441919,Bander_Balilah
6.5537205,-5.4775076,Bander_Balilah
-10.786182,0.56178457,Bander_Balilah
-5.9999914,-4.4805093,Bander_Balilah
-5.6120515,-4.669184,Bander_Balilah
2.0370934,8.038655,Bander_Balilah
6.550486,-5.520856,Bander_Balilah
-3.7700412,5.287059,Bander_Balilah
-8.461155,-2.0135472,Bander_Balilah
-5.6187067,-4.796174,Bander_Balilah
-6.03275,-4.427887,Bander_Balilah
-3.9564762,5.432687,Bander_Balilah
-10.814385,0.5598705,Bander_Balilah
-5.7180967,-4.7098656,Bander_Balilah
4.551081,10.475312,Bander_Balilah
-5.521875,-4.9419794,Bander_Balilah
-2.6522179,-3.0710092,Bander_Balilah
-2.5030446,-3.004934,Bander_Balilah
-9.068884,-1.5289097,Bander_Balilah
-10.688414,3.991683,Bander_Balilah
-2.720108,9.193372,Bander_Balilah
6.4361,-4.6938143,Bander_Balilah
-9.290703,-1.023934,Bander_Balilah
6.606985,-5.957554,Bander_Balilah
-10.657982,3.870116,Bander_Balilah
-2.6913223,-3.0713313,Bander_Balilah
-5.528032,-5.0112085,Bander_Balilah
-10.673808,4.1691184,Bander_Balilah
-10.572283,0.31643152,Bander_Balilah
-10.83693,0.7678845,Bander_Balilah
-2.6338842,-3.0791647,Bander_Balilah
-1.9124253,9.733303,Bander_Balilah
-2.7482228,9.153817,Bander_Balilah
-5.52144,-4.905816,Bander_Balilah
-4.056494,5.5178156,Bander_Balilah
-5.295844,-5.088892,Bander_Balilah
-10.670455,3.9434938,Bander_Balilah
-10.719144,4.0091763,Bander_Balilah
-10.910905,0.769677,Bander_Balilah
-10.877596,0.9683415,Bander_Balilah
-10.335318,0.11577606,Bander_Balilah
3.7491596,11.198015,Bander_Balilah
6.457706,-4.6067815,Bander_Balilah
-2.6425998,9.607309,Bander_Balilah
-1.8437554,9.634344,Bander_Balilah
-7.92163,-2.2740974,Bander_Balilah
6.2524667,-4.844943,Bander_Balilah
6.6715937,-7.7110987,Bander_Balilah
-2.584267,-3.1922574,Bander_Balilah
-2.6453319,-3.120636,Bander_Balilah
-2.4141119,9.536082,Bander_Balilah
-5.722786,-4.7562895,Bander_Balilah
-5.1052427,-5.4846616,Bander_Balilah
-5.713525,-4.91671,Bander_Balilah
-2.64187,-3.0860248,Bander_Balilah
-10.612464,3.8250523,Bander_Balilah
-2.1438622,9.080948,Bander_Balilah
6.5392528,-5.0663667,Bander_Balilah
-4.8303733,-5.9875994,Bander_Balilah
3.5231743,11.336248,Bander_Balilah
-5.8323812,-4.638298,Bander_Balilah
-10.647857,3.787384,Bander_Balilah
-2.5728335,-3.0628068,Bander_Balilah
-10.421182,0.18794529,Bander_Balilah
3.155505,11.335447,Bander_Balilah
6.14704,-4.2632475,Bander_Balilah
-10.727673,4.086268,Bander_Balilah
-2.5681288,-3.082588,Bander_Balilah
6.491381,-4.845835,Bander_Balilah
-10.8094845,0.54938215,Bander_Balilah
6.55633,-5.511782,Bander_Balilah
-2.3575203,9.09946,Bander_Balilah
-10.385667,4.097936,Bander_Balilah
-10.904011,0.6196616,Bander_Balilah
-5.5483127,-4.828374,Bander_Balilah
-10.566988,0.27037072,Bander_Balilah
-2.5861027,-3.1169362,Bander_Balilah
6.6419845,-6.890805,Bander_Balilah
6.6057897,-6.002477,Bander_Balilah
-6.7378163,-1.3888249,Bander_Balilah
-10.711611,0.42458826,Bander_Balilah
-8.239654,-2.1441581,Bander_Balilah
-5.8747244,-4.604106,Bander_Balilah
-10.365986,3.5126946,Bander_Balilah
3.4506307,11.364818,Bander_Balilah
-10.299471,0.15320937,Bander_Balilah
-10.419268,0.18854749,Bander_Balilah
6.50482,-5.016346,Bander_Balilah
11.700035,3.4964874,Nasser_Alqutami
4.1134076,-2.5108197,Nasser_Alqutami
4.708795,-0.34003884,Nasser_Alqutami
3.74923,-0.2584458,Nasser_Alqutami
4.0532527,-8.558886,Nasser_Alqutami
-5.126705,8.407541,Nasser_Alqutami
-9.2527275,4.24198,Nasser_Alqutami
3.8852637,-8.471053,Nasser_Alqutami
2.00697,8.0861,Nasser_Alqutami
11.535487,3.7741382,Nasser_Alqutami
11.5416,3.7485168,Nasser_Alqutami
11.398734,4.0365148,Nasser_Alqutami
3.8438206,-2.3834488,Nasser_Alqutami
11.49479,3.5904486,Nasser_Alqutami
2.730949,7.5232825,Nasser_Alqutami
-9.128463,4.424256,Nasser_Alqutami
-8.661141,4.3628507,Nasser_Alqutami
2.8638504,2.836373,Nasser_Alqutami
11.40165,4.038979,Nasser_Alqutami
4.1703806,-2.1337333,Nasser_Alqutami
11.544571,3.749025,Nasser_Alqutami
11.6868,3.4974022,Nasser_Alqutami
-7.9279904,4.2251725,Nasser_Alqutami
3.8651812,-8.452286,Nasser_Alqutami
3.97235,-2.4489229,Nasser_Alqutami
3.8586588,-2.4105086,Nasser_Alqutami
3.7248116,-2.3454363,Nasser_Alqutami
11.55693,3.7401893,Nasser_Alqutami
-5.105832,8.4197855,Nasser_Alqutami
-9.362576,4.447126,Nasser_Alqutami
2.834765,-0.5740798,Nasser_Alqutami
3.701104,-8.363352,Nasser_Alqutami
4.8829947,-0.5010143,Nasser_Alqutami
3.1842203,-0.4036972,Nasser_Alqutami
-4.281951,7.1828365,Nasser_Alqutami
3.7141466,-2.3301637,Nasser_Alqutami
2.3004434,8.189162,Nasser_Alqutami
2.7869203,7.4947376,Nasser_Alqutami
-4.325828,9.366144,Nasser_Alqutami
3.6938872,-2.269206,Nasser_Alqutami
3.8170907,-8.425792,Nasser_Alqutami
-4.821896,8.762518,Nasser_Alqutami
2.782372,2.762168,Nasser_Alqutami
5.8320312,10.385388,Nasser_Alqutami
-9.350442,4.03705,Nasser_Alqutami
4.030304,-8.54569,Nasser_Alqutami
3.8618267,-2.4048264,Nasser_Alqutami
-3.912549,9.448892,Nasser_Alqutami
4.0504036,-2.4904208,Nasser_Alqutami
11.625387,3.614544,Nasser_Alqutami
-7.798614,4.1746635,Nasser_Alqutami
3.802196,-2.371701,Nasser_Alqutami
11.483336,3.8653767,Nasser_Alqutami
-7.613104,3.846088,Nasser_Alqutami
-7.882321,4.1939807,Nasser_Alqutami
3.908625,-2.4132922,Nasser_Alqutami
3.778173,-2.3523085,Nasser_Alqutami
-9.257817,4.413584,Nasser_Alqutami
11.776256,3.3498697,Nasser_Alqutami
3.5703435,-2.23225,Nasser_Alqutami
11.267243,4.075554,Nasser_Alqutami
3.5711386,-2.2848794,Nasser_Alqutami
11.386306,4.0514207,Nasser_Alqutami
-8.981369,4.2992234,Nasser_Alqutami
4.124322,-8.526158,Nasser_Alqutami
11.49584,3.862541,Nasser_Alqutami
11.545815,3.7483726,Nasser_Alqutami
11.599473,3.6765728,Nasser_Alqutami
11.563194,3.7378032,Nasser_Alqutami
2.0475957,8.122919,Nasser_Alqutami
3.630948,-2.3110728,Nasser_Alqutami
-5.0028424,8.447468,Nasser_Alqutami
11.504575,3.8321178,Nasser_Alqutami
3.4536338,-2.2321746,Nasser_Alqutami
2.747534,7.4847527,Nasser_Alqutami
3.943086,-2.435791,Nasser_Alqutami
2.654994,9.456187,Nasser_Alqutami
4.004514,-2.4597757,Nasser_Alqutami
4.061556,-8.558977,Nasser_Alqutami
11.294903,4.231537,Nasser_Alqutami
3.9634953,-2.430102,Nasser_Alqutami
-7.56107,3.8356128,Nasser_Alqutami
11.727779,3.3909862,Nasser_Alqutami
4.061045,-2.4907947,Nasser_Alqutami
3.8188214,-0.269771,Nasser_Alqutami
-7.5337195,3.822387,Nasser_Alqutami
6.6084213,9.761496,Nasser_Alqutami
3.359068,-0.2999665,Nasser_Alqutami
-3.7476544,9.461859,Nasser_Alqutami
3.922792,-8.539131,Nasser_Alqutami
3.9175997,-0.26449847,Nasser_Alqutami
-7.5569763,3.7806616,Nasser_Alqutami
-7.806705,4.327923,Nasser_Alqutami
2.7029583,7.55339,Nasser_Alqutami
2.175501,8.121179,Nasser_Alqutami
6.577936,9.859003,Nasser_Alqutami
7.194905,9.3207,Nasser_Alqutami
11.474568,3.8765464,Nasser_Alqutami
-7.4095845,3.643601,Nasser_Alqutami
11.553699,3.7541842,Nasser_Alqutami
-8.007408,4.2172003,Nasser_Alqutami
11.554276,3.7548509,Nasser_Alqutami
3.706721,-2.324604,Nasser_Alqutami
5.9898777,10.281136,Nasser_Alqutami
2.075989,8.103115,Nasser_Alqutami
3.8744,-8.470669,Nasser_Alqutami
3.6588242,-2.2961714,Nasser_Alqutami
2.133389,8.128772,Nasser_Alqutami
11.502368,3.7496758,Nasser_Alqutami
11.5601,3.7115598,Nasser_Alqutami
-7.663383,3.9827228,Nasser_Alqutami
2.617624,9.723612,Nasser_Alqutami
6.7330575,9.694217,Nasser_Alqutami
2.1951823,8.076796,Nasser_Alqutami
3.9608426,-8.538928,Nasser_Alqutami
11.448044,3.790696,Nasser_Alqutami
1.9623563,8.121448,Nasser_Alqutami
2.0727806,8.130788,Nasser_Alqutami
-3.431445,9.331769,Nasser_Alqutami
3.477959,-2.2263296,Nasser_Alqutami
5.8957276,9.936421,Nasser_Alqutami
7.0414276,9.433749,Nasser_Alqutami
4.108483,-2.4976573,Nasser_Alqutami
2.1035247,8.135635,Nasser_Alqutami
-8.994437,4.277698,Nasser_Alqutami
1.9844766,8.096883,Nasser_Alqutami
-4.1711864,9.406862,Nasser_Alqutami
-3.5008273,9.356577,Nasser_Alqutami
11.29508,4.169005,Nasser_Alqutami
2.3921058,-0.4532086,Nasser_Alqutami
3.6658785,-8.310239,Nasser_Alqutami
4.072914,-2.4477282,Nasser_Alqutami
1.9497639,8.083622,Nasser_Alqutami
3.9701416,-2.4384584,Nasser_Alqutami
3.798769,-8.435893,Nasser_Alqutami
-8.13162,4.3291,Nasser_Alqutami
6.9852967,9.478984,Nasser_Alqutami
5.7502084,10.218592,Nasser_Alqutami
3.6665626,-2.2527244,Nasser_Alqutami
-5.4604845,7.966658,Nasser_Alqutami
-5.42469,8.12354,Nasser_Alqutami
6.385623,10.000559,Nasser_Alqutami
6.9843693,9.499219,Nasser_Alqutami
2.2283103,7.8991237,Nasser_Alqutami
-4.538851,8.882295,Nasser_Alqutami
11.619266,3.581144,Nasser_Alqutami
3.732807,-0.26160958,Nasser_Alqutami
3.5378602,-2.3002286,Nasser_Alqutami
6.673111,9.758202,Nasser_Alqutami
-8.0336685,4.2916164,Nasser_Alqutami
3.8707685,-0.22577465,Nasser_Alqutami
11.505749,3.783372,Nasser_Alqutami
6.5860586,9.811094,Nasser_Alqutami
11.351195,4.122477,Nasser_Alqutami
6.084757,9.887732,Nasser_Alqutami
2.7174325,-0.5506124,Nasser_Alqutami
3.856736,-2.3719451,Nasser_Alqutami
-5.253746,8.352987,Nasser_Alqutami
4.0335317,-2.463995,Nasser_Alqutami
3.3921008,-0.2740858,Nasser_Alqutami
3.6934674,-2.3342376,Nasser_Alqutami
-4.6267896,9.264052,Nasser_Alqutami
11.529263,3.7874553,Nasser_Alqutami
2.1476128,8.139959,Nasser_Alqutami
4.053436,-2.2966676,Nasser_Alqutami
3.9386182,-0.21610756,Nasser_Alqutami
-4.009708,9.563133,Nasser_Alqutami
11.542138,3.7744484,Nasser_Alqutami
-7.5644608,3.8813245,Nasser_Alqutami
3.6613545,-8.406089,Nasser_Alqutami
-5.550286,7.943276,Nasser_Alqutami
-4.9659147,8.636043,Nasser_Alqutami
-8.613992,4.3481107,Nasser_Alqutami
2.3001854,8.154869,Nasser_Alqutami
-7.68165,4.029803,Nasser_Alqutami
2.0916522,8.10263,Nasser_Alqutami
2.2565637,8.157447,Nasser_Alqutami
-9.086356,4.24503,Nasser_Alqutami
6.637845,9.795335,Nasser_Alqutami
-8.394895,4.346616,Nasser_Alqutami
-3.4967916,9.570726,Nasser_Alqutami
3.4315856,-0.40335354,Nasser_Alqutami
-3.2764447,8.106118,Nasser_Alqutami
-8.001094,4.3936534,Nasser_Alqutami
2.1007726,8.156274,Nasser_Alqutami
-3.2141335,9.637211,Nasser_Alqutami
3.7520113,-2.3480134,Nasser_Alqutami
-3.5727057,9.490354,Nasser_Alqutami
11.685034,3.4900954,Nasser_Alqutami
3.7428074,-0.22378205,Nasser_Alqutami
3.6869602,-2.3671348,Nasser_Alqutami
11.508035,3.845911,Nasser_Alqutami
-7.87455,4.190473,Nasser_Alqutami
11.171673,4.477098,Nasser_Alqutami
-7.8562675,4.198888,Nasser_Alqutami
2.1379948,8.131808,Nasser_Alqutami
5.817804,10.363717,Nasser_Alqutami
11.589651,3.665864,Nasser_Alqutami
3.7046206,-2.3321722,Nasser_Alqutami
11.472923,3.8508127,Nasser_Alqutami
4.006258,-8.563888,Nasser_Alqutami
11.521273,3.8173318,Nasser_Alqutami
-10.921534,3.2991326,Nasser_Alqutami
11.5925665,3.6617382,Nasser_Alqutami
3.8457692,-0.24858327,Nasser_Alqutami
2.410459,8.041595,Nasser_Alqutami
3.8194041,-2.3491383,Nasser_Alqutami
4.0380006,-8.543965,Nasser_Alqutami
3.8611672,-8.493541,Nasser_Alqutami
-7.797082,4.0521574,Nasser_Alqutami
6.2317395,10.078091,Nasser_Alqutami
-8.939212,4.3232307,Nasser_Alqutami
6.53527,9.871759,Nasser_Alqutami
4.0979924,-2.5273917,Nasser_Alqutami
5.447133,10.654352,Nasser_Alqutami
2.3692434,8.2624655,Nasser_Alqutami
-7.9717283,4.167785,Nasser_Alqutami
3.8126702,-8.405586,Nasser_Alqutami
-5.689271,3.789121,Nasser_Alqutami
3.760642,-8.435927,Nasser_Alqutami
2.3782747,8.234186,Nasser_Alqutami
-9.773684,3.0317876,Nasser_Alqutami
2.2858834,8.202386,Nasser_Alqutami
4.0675707,-8.566699,Nasser_Alqutami
3.7526755,-2.3114645,Nasser_Alqutami
11.669309,3.5354881,Nasser_Alqutami
-7.612814,3.9345605,Nasser_Alqutami
-4.201493,9.385253,Nasser_Alqutami
-4.262862,9.363194,Nasser_Alqutami
6.2319593,10.101247,Nasser_Alqutami
4.0250545,-2.4793808,Nasser_Alqutami
3.399386,-0.39806715,Nasser_Alqutami
-4.2064924,8.743329,Nasser_Alqutami
3.7032378,-8.289382,Nasser_Alqutami
3.602396,-2.277528,Nasser_Alqutami
6.664082,9.774198,Nasser_Alqutami
6.7322907,9.707357,Nasser_Alqutami
3.3711736,-0.35059288,Nasser_Alqutami
3.6610894,-0.28827667,Nasser_Alqutami
3.245984,-0.29469305,Nasser_Alqutami
3.8270252,-0.30699298,Nasser_Alqutami
-4.0826902,9.400329,Nasser_Alqutami
5.899188,9.979736,Nasser_Alqutami
11.692811,3.4748144,Nasser_Alqutami
11.466466,3.902383,Nasser_Alqutami
-4.4905863,9.260992,Nasser_Alqutami
1.7866329,0.2436332,Nasser_Alqutami
11.446948,3.946904,Nasser_Alqutami
3.7076335,-2.3124568,Nasser_Alqutami
4.04255,-8.542652,Nasser_Alqutami
4.069414,-2.4776826,Nasser_Alqutami
11.6651,3.524536,Nasser_Alqutami
-4.3294296,9.423033,Nasser_Alqutami
-5.7809715,3.79904,Nasser_Alqutami
3.8598766,-2.413765,Nasser_Alqutami
-9.223705,4.250746,Nasser_Alqutami
-8.055953,4.2891693,Nasser_Alqutami
3.7740464,-8.40986,Nasser_Alqutami
7.0776343,9.435937,Nasser_Alqutami
11.642132,3.5692513,Nasser_Alqutami
3.64102,-2.2833204,Nasser_Alqutami
3.7927003,-8.469637,Nasser_Alqutami
3.34701,-0.22412224,Nasser_Alqutami
11.403277,4.0307264,Nasser_Alqutami
2.0959063,8.1174135,Nasser_Alqutami
3.6487944,-2.3023744,Nasser_Alqutami
-5.581019,3.766166,Nasser_Alqutami
11.770489,3.3094647,Nasser_Alqutami
2.339099,8.261866,Nasser_Alqutami
4.783659,-0.39443538,Nasser_Alqutami
2.0934465,8.111956,Nasser_Alqutami
2.2306945,8.187419,Nasser_Alqutami
-7.8894796,4.2946086,Nasser_Alqutami
-7.824033,4.061501,Nasser_Alqutami
5.916792,10.16209,Nasser_Alqutami
4.0204372,-8.551646,Nasser_Alqutami
4.0837245,-8.564855,Nasser_Alqutami
6.04384,10.203073,Nasser_Alqutami
3.8292472,-8.446428,Nasser_Alqutami
4.0281496,-2.474977,Nasser_Alqutami
-8.3597,4.338744,Nasser_Alqutami
2.558588,8.131289,Nasser_Alqutami
2.204647,8.155777,Nasser_Alqutami
11.709625,3.4569325,Nasser_Alqutami
-9.395344,4.4520283,Nasser_Alqutami
3.9269893,-8.525576,Nasser_Alqutami
3.7410002,-2.3179686,Nasser_Alqutami
3.4905267,-8.269385,Nasser_Alqutami
11.647253,3.5090137,Nasser_Alqutami
4.0471854,-8.558475,Nasser_Alqutami
-7.432479,3.6488037,Nasser_Alqutami
4.0158024,-8.524922,Nasser_Alqutami
-3.4909415,9.664318,Nasser_Alqutami
-7.778456,4.468136,Nasser_Alqutami
4.9766235,0.55860925,Nasser_Alqutami
4.094214,-2.5280652,Nasser_Alqutami
11.344389,4.1329064,Nasser_Alqutami
3.825836,-8.445369,Nasser_Alqutami
3.0623834,-0.46700022,Nasser_Alqutami
3.5988486,-2.254611,Nasser_Alqutami
-7.5375147,3.771942,Nasser_Alqutami
-4.964792,8.346206,Nasser_Alqutami
3.635733,-8.198161,Nasser_Alqutami
-7.586647,3.8033261,Nasser_Alqutami
2.1128173,8.175983,Nasser_Alqutami
-7.486259,3.7050579,Nasser_Alqutami
3.9698224,-0.08196071,Nasser_Alqutami
-7.9203687,4.2546916,Nasser_Alqutami
3.9771814,-8.532574,Nasser_Alqutami
-9.16989,4.240184,Nasser_Alqutami
-3.6605716,9.493728,Nasser_Alqutami
-7.5372615,3.7193298,Nasser_Alqutami
3.9393542,-0.2633745,Nasser_Alqutami
2.2970252,8.118523,Nasser_Alqutami
3.9736886,-0.22223021,Nasser_Alqutami
11.556812,3.7521894,Nasser_Alqutami
2.8382103,-1.1518415,Nasser_Alqutami
4.0490456,-2.4757903,Nasser_Alqutami
-3.1915488,9.775601,Nasser_Alqutami
0.8132333,7.648512,Nasser_Alqutami
3.2605395,-0.34548783,Nasser_Alqutami
4.0781717,-0.36400664,Nasser_Alqutami
-7.7488537,4.258688,Nasser_Alqutami
1.4984584,-0.2590471,Nasser_Alqutami
-8.1466055,4.2861843,Nasser_Alqutami
-0.76023215,4.5636096,Nasser_Alqutami
11.746293,3.3910043,Nasser_Alqutami
11.513313,3.8177876,Nasser_Alqutami
3.6275778,-2.303829,Nasser_Alqutami
3.9953918,-8.553317,Nasser_Alqutami
11.6924305,3.4739184,Nasser_Alqutami
-9.210917,4.3095512,Nasser_Alqutami
-8.986214,4.351103,Nasser_Alqutami
3.123275,-0.6365055,Nasser_Alqutami
11.684409,3.5417228,Nasser_Alqutami
2.3076162,8.241803,Nasser_Alqutami
-8.772088,4.3234725,Nasser_Alqutami
3.805072,-2.3773882,Nasser_Alqutami
3.788943,-8.378436,Nasser_Alqutami
11.551582,3.6148686,Nasser_Alqutami
11.680245,3.507436,Nasser_Alqutami
-3.8992267,9.378757,Nasser_Alqutami
11.475661,3.7615585,Nasser_Alqutami
4.008749,-8.541247,Nasser_Alqutami
4.0278864,-8.562008,Nasser_Alqutami
1.6425585,7.940776,Nasser_Alqutami
-9.187624,4.2347093,Nasser_Alqutami
2.6475875,7.569326,Nasser_Alqutami
5.2636995,10.760215,Nasser_Alqutami
6.4794693,9.881196,Nasser_Alqutami
3.757581,-2.3827484,Nasser_Alqutami
3.771844,-2.3615165,Nasser_Alqutami
5.901214,10.058202,Nasser_Alqutami
2.1765845,8.161182,Nasser_Alqutami
-7.731585,4.0676594,Nasser_Alqutami
11.559074,3.72287,Nasser_Alqutami
4.1558437,-0.06001083,Nasser_Alqutami
3.7911303,-8.410488,Nasser_Alqutami
0.8458672,0.6420621,Nasser_Alqutami
4.112901,-2.5259938,Nasser_Alqutami
3.447685,-2.2401166,Nasser_Alqutami
3.6437342,-0.4020476,Nasser_Alqutami
-7.791085,4.1387434,Nasser_Alqutami
2.1245606,8.136185,Nasser_Alqutami
11.576765,3.7185938,Nasser_Alqutami
2.9020517,-1.2011255,Nasser_Alqutami
-8.035462,4.2358246,Nasser_Alqutami
-3.4454408,9.139122,Nasser_Alqutami
4.0559964,-8.576896,Nasser_Alqutami
6.093267,10.207105,Nasser_Alqutami
3.820425,-8.437267,Nasser_Alqutami
3.7277439,-2.319774,Nasser_Alqutami
-8.314205,4.266791,Nasser_Alqutami
3.6504223,-2.2875054,Nasser_Alqutami
2.1551964,8.176274,Nasser_Alqutami
11.342357,4.1462097,Nasser_Alqutami
11.5474205,3.7635767,Nasser_Alqutami
3.9013069,-2.3300996,Nasser_Alqutami
5.7375174,10.058982,Nasser_Alqutami
11.420913,3.9888537,Nasser_Alqutami
3.8578355,-8.481929,Nasser_Alqutami
-3.7883983,9.44697,Nasser_Alqutami
-7.517309,3.7241387,Nasser_Alqutami
-9.184189,4.3426166,Nasser_Alqutami
-5.248153,8.073566,Nasser_Alqutami
-3.7833233,9.568295,Nasser_Alqutami
3.72609,-2.3405328,Nasser_Alqutami
-8.984492,4.287356,Nasser_Alqutami
-4.9427176,8.594453,Nasser_Alqutami
-4.9480653,8.470916,Nasser_Alqutami
-7.6637735,3.967164,Nasser_Alqutami
5.750964,10.286845,Nasser_Alqutami
5.3305593,10.366103,Nasser_Alqutami
2.291172,8.171643,Nasser_Alqutami
3.6484888,-0.29641488,Nasser_Alqutami
3.9586856,-8.504896,Nasser_Alqutami
-4.877669,8.695401,Nasser_Alqutami
-9.286678,4.1184435,Nasser_Alqutami
-7.912206,4.257461,Nasser_Alqutami
3.8413231,-8.439323,Nasser_Alqutami
-5.0164905,8.527562,Nasser_Alqutami
-3.3159444,9.623945,Nasser_Alqutami
-7.515026,3.7900321,Nasser_Alqutami
11.642362,3.5083225,Nasser_Alqutami
3.545164,-2.2504988,Nasser_Alqutami
5.9221354,10.130677,Nasser_Alqutami
6.2226796,10.082327,Nasser_Alqutami
11.380971,4.0734677,Nasser_Alqutami
-4.3589473,9.405262,Nasser_Alqutami
3.6523223,-0.31316647,Nasser_Alqutami
3.8427243,-8.455677,Nasser_Alqutami
11.3067255,4.1586566,Nasser_Alqutami
-7.6702375,3.9756155,Nasser_Alqutami
2.2964623,8.205123,Nasser_Alqutami
-7.789347,4.086081,Nasser_Alqutami
2.1574974,8.182084,Nasser_Alqutami
6.7681975,9.68503,Nasser_Alqutami
11.518626,3.796279,Nasser_Alqutami
-3.3806293,9.619917,Nasser_Alqutami
3.7748842,-2.354611,Nasser_Alqutami
-7.8308225,4.2200723,Nasser_Alqutami
11.62236,3.5969636,Nasser_Alqutami
-4.0400357,3.3759036,Nasser_Alqutami
3.2796671,-2.163749,Nasser_Alqutami
6.7296247,9.713726,Nasser_Alqutami
7.0054564,9.486178,Nasser_Alqutami
3.526395,-2.266241,Nasser_Alqutami
11.504232,3.8427389,Nasser_Alqutami
3.9887133,-2.4363651,Nasser_Alqutami
11.563927,3.7304425,Nasser_Alqutami
11.461304,3.8965654,Nasser_Alqutami
6.171944,10.158551,Nasser_Alqutami
5.7950454,10.332061,Nasser_Alqutami
3.5759618,-2.2464647,Nasser_Alqutami
2.3602192,8.223079,Nasser_Alqutami
3.8181674,-2.402049,Nasser_Alqutami
4.0840054,-2.5237303,Nasser_Alqutami
-8.495896,4.351286,Nasser_Alqutami
2.179627,9.419474,Nasser_Alqutami
5.722291,10.162676,Nasser_Alqutami
-5.6575212,6.124108,Nasser_Alqutami
4.004705,-2.4798324,Nasser_Alqutami
4.0171785,-8.534906,Nasser_Alqutami
-3.8509593,9.506196,Nasser_Alqutami
-7.903065,4.2282243,Nasser_Alqutami
-7.6812415,3.9405406,Nasser_Alqutami
-3.8039572,9.591702,Nasser_Alqutami
-8.712039,4.3813624,Nasser_Alqutami
-4.53862,9.260881,Nasser_Alqutami
2.282576,8.126043,Nasser_Alqutami
-4.4627724,9.31089,Nasser_Alqutami
3.5847638,-8.202309,Nasser_Alqutami
-4.249737,9.352339,Nasser_Alqutami
-7.868194,4.168069,Nasser_Alqutami
-7.4720764,3.6932433,Nasser_Alqutami
6.7120447,9.725109,Nasser_Alqutami
8.441618,0.74702036,Saud_Alshuraim
4.3056426,1.7659458,Saud_Alshuraim
5.9163017,-6.955741,Saud_Alshuraim
3.5077538,4.6776676,Saud_Alshuraim
8.461016,0.67720264,Saud_Alshuraim
-7.935867,-4.8071833,Saud_Alshuraim
0.21970499,3.7919333,Saud_Alshuraim
-8.282818,-5.505995,Saud_Alshuraim
0.047069218,3.8215957,Saud_Alshuraim
-1.7596549,-5.931861,Saud_Alshuraim
3.551811,4.657072,Saud_Alshuraim
3.486587,4.6543922,Saud_Alshuraim
3.9925647,1.8393022,Saud_Alshuraim
-7.4986587,-2.9411411,Saud_Alshuraim
-0.1834339,3.8011718,Saud_Alshuraim
3.4865763,4.693037,Saud_Alshuraim
-8.347532,-5.8763866,Saud_Alshuraim
5.9285774,-6.491508,Saud_Alshuraim
0.081814,3.8206208,Saud_Alshuraim
-10.312539,0.051545106,Saud_Alshuraim
-2.2691543,-5.6578937,Saud_Alshuraim
8.33489,0.7281913,Saud_Alshuraim
-8.249552,-5.138698,Saud_Alshuraim
0.1650233,3.9396913,Saud_Alshuraim
-1.887586,-5.8844957,Saud_Alshuraim
-2.1319325,-5.744801,Saud_Alshuraim
-2.1645124,-5.687439,Saud_Alshuraim
-8.146344,-5.373113,Saud_Alshuraim
-8.166671,-5.6334105,Saud_Alshuraim
-2.20605,-5.7392955,Saud_Alshuraim
8.525596,0.15432295,Saud_Alshuraim
4.1147285,1.8612154,Saud_Alshuraim
-2.9659374,-4.809931,Saud_Alshuraim
-7.912133,-4.7616053,Saud_Alshuraim
-2.1022227,-5.845082,Saud_Alshuraim
-7.4349318,-2.9208574,Saud_Alshuraim
6.0000596,-7.437359,Saud_Alshuraim
-8.318281,-5.2067585,Saud_Alshuraim
8.50632,0.6168708,Saud_Alshuraim
0.4783407,3.812232,Saud_Alshuraim
3.516836,4.6746016,Saud_Alshuraim
5.999933,-7.2718725,Saud_Alshuraim
3.930063,1.8925483,Saud_Alshuraim
-2.2945778,-5.6651545,Saud_Alshuraim
8.277527,0.78870565,Saud_Alshuraim
3.4622211,4.7058706,Saud_Alshuraim
0.14800324,3.8161318,Saud_Alshuraim
-2.8012075,-4.980318,Saud_Alshuraim
5.9175043,-6.792141,Saud_Alshuraim
-3.133353,-5.3134108,Saud_Alshuraim
5.9175797,-6.512803,Saud_Alshuraim
5.9694934,-7.27111,Saud_Alshuraim
-8.063058,-4.5915112,Saud_Alshuraim
3.7550821,2.0294003,Saud_Alshuraim
-0.47743577,3.683576,Saud_Alshuraim
3.8796537,1.9074974,Saud_Alshuraim
-8.304075,-5.4592514,Saud_Alshuraim
3.5059516,4.7072783,Saud_Alshuraim
5.9079666,-6.747989,Saud_Alshuraim
8.489945,0.71062773,Saud_Alshuraim
-2.3864362,-5.600825,Saud_Alshuraim
3.6999788,1.848991,Saud_Alshuraim
6.100948,-7.633215,Saud_Alshuraim
-2.1471262,-5.7553096,Saud_Alshuraim
3.4958773,4.6735654,Saud_Alshuraim
-7.2982535,-3.129026,Saud_Alshuraim
-7.430873,-2.9735694,Saud_Alshuraim
8.3295,0.94263524,Saud_Alshuraim
5.9831247,-7.269773,Saud_Alshuraim
3.2512124,4.5020676,Saud_Alshuraim
3.5369253,4.695781,Saud_Alshuraim
7.61085,1.1608174,Saud_Alshuraim
3.8466907,1.7658055,Saud_Alshuraim
4.0221143,1.8510143,Saud_Alshuraim
3.8344393,1.7573929,Saud_Alshuraim
5.9788775,-7.443616,Saud_Alshuraim
-8.255353,-5.6261525,Saud_Alshuraim
5.9204936,-6.789955,Saud_Alshuraim
8.445813,0.7593984,Saud_Alshuraim
5.8616223,-7.1278133,Saud_Alshuraim
-8.149384,-5.299343,Saud_Alshuraim
3.2857943,4.561232,Saud_Alshuraim
-8.188378,-5.4821115,Saud_Alshuraim
5.97018,-7.3763266,Saud_Alshuraim
1.532089,4.3900495,Saud_Alshuraim
-8.257522,-5.7036843,Saud_Alshuraim
-0.0049207765,3.7989643,Saud_Alshuraim
5.940969,-6.756754,Saud_Alshuraim
-0.29176518,3.7607918,Saud_Alshuraim
-0.40552917,3.6728,Saud_Alshuraim
3.7460086,1.8869494,Saud_Alshuraim
6.1272097,-7.8277497,Saud_Alshuraim
3.828695,1.7615335,Saud_Alshuraim
5.999077,-7.3589454,Saud_Alshuraim
-2.9257264,-5.3350506,Saud_Alshuraim
8.457052,0.7308653,Saud_Alshuraim
3.5425158,4.7000327,Saud_Alshuraim
3.2663107,2.1427746,Saud_Alshuraim
-8.331731,-5.4324746,Saud_Alshuraim
-3.0108159,-3.4074976,Saud_Alshuraim
0.28954408,3.8707156,Saud_Alshuraim
-0.035736382,3.81624,Saud_Alshuraim
3.8650656,1.8981668,Saud_Alshuraim
-8.317928,-5.6801405,Saud_Alshuraim
5.968811,-7.467864,Saud_Alshuraim
-8.425288,-2.0290847,Saud_Alshuraim
8.531428,0.7676644,Saud_Alshuraim
-8.692665,-1.5917705,Saud_Alshuraim
-0.88411325,3.604623,Saud_Alshuraim
-8.003156,-2.4836824,Saud_Alshuraim
5.8455806,-6.546633,Saud_Alshuraim
-2.6266139,-5.413024,Saud_Alshuraim
0.05722473,3.8520539,Saud_Alshuraim
-7.516478,-2.8751142,Saud_Alshuraim
-1.7504243,-6.0326867,Saud_Alshuraim
-8.260698,-5.065296,Saud_Alshuraim
0.0915485,3.8292918,Saud_Alshuraim
-2.5809002,-5.4273634,Saud_Alshuraim
4.0006876,2.1488242,Saud_Alshuraim
3.944944,1.7674689,Saud_Alshuraim
-7.542948,-2.9106815,Saud_Alshuraim
3.3836782,4.608436,Saud_Alshuraim
3.9493666,1.8586705,Saud_Alshuraim
3.4996998,4.3771133,Saud_Alshuraim
4.0462103,1.8656441,Saud_Alshuraim
-2.1286683,-5.6894965,Saud_Alshuraim
0.9769922,4.042974,Saud_Alshuraim
-8.383226,-5.605758,Saud_Alshuraim
3.5983336,4.706845,Saud_Alshuraim
-8.219833,-5.6252813,Saud_Alshuraim
8.321677,0.98953307,Saud_Alshuraim
-6.371109,-4.105958,Saud_Alshuraim
5.952022,-7.0401635,Saud_Alshuraim
-8.285524,-5.2450027,Saud_Alshuraim
-8.137748,-5.6168513,Saud_Alshuraim
-2.8897748,-4.690786,Saud_Alshuraim
-7.5737276,-2.852016,Saud_Alshuraim
0.17204016,3.866098,Saud_Alshuraim
-2.3510978,-5.591803,Saud_Alshuraim
-8.263177,-5.5976744,Saud_Alshuraim
3.6103237,4.7185454,Saud_Alshuraim
0.49087802,3.176566,Saud_Alshuraim
-2.0672135,-5.779099,Saud_Alshuraim
-2.3377442,-5.627485,Saud_Alshuraim
6.000634,-7.4133677,Saud_Alshuraim
-8.202129,-5.1348596,Saud_Alshuraim
3.3302057,4.6295643,Saud_Alshuraim
-2.088474,-5.785844,Saud_Alshuraim
-8.008686,-4.605768,Saud_Alshuraim
5.9991045,-7.4030333,Saud_Alshuraim
-7.5351186,-2.9078956,Saud_Alshuraim
-7.7628884,-2.746527,Saud_Alshuraim
8.408051,0.89131767,Saud_Alshuraim
-7.6304226,-2.8441978,Saud_Alshuraim
8.114651,0.8652909,Saud_Alshuraim
-7.889527,-2.6302812,Saud_Alshuraim
3.7052484,4.6957397,Saud_Alshuraim
8.519205,0.60865957,Saud_Alshuraim
0.2560275,3.8498197,Saud_Alshuraim
6.032933,-7.509783,Saud_Alshuraim
-7.6833363,-2.7777297,Saud_Alshuraim
3.5204046,4.6977444,Saud_Alshuraim
-8.255014,-5.592279,Saud_Alshuraim
-2.4089663,-5.562652,Saud_Alshuraim
-8.35686,-5.705883,Saud_Alshuraim
3.9424193,1.8136709,Saud_Alshuraim
-7.660899,-2.803368,Saud_Alshuraim
8.482898,0.17068487,Saud_Alshuraim
-7.867262,-2.6081986,Saud_Alshuraim
-2.5477004,-5.512535,Saud_Alshuraim
-8.205595,-5.580487,Saud_Alshuraim
-7.875498,-4.3010173,Saud_Alshuraim
0.09057766,3.7849386,Saud_Alshuraim
-8.051471,-5.421372,Saud_Alshuraim
-8.289162,-5.6490273,Saud_Alshuraim
-7.4569707,-2.9885743,Saud_Alshuraim
-8.324117,-5.6241794,Saud_Alshuraim
-2.4565778,-5.578293,Saud_Alshuraim
-3.0225503,4.4425874,Saud_Alshuraim
5.907826,-7.3410797,Saud_Alshuraim
3.9132934,1.9459411,Saud_Alshuraim
5.9540057,-7.0623083,Saud_Alshuraim
5.982647,-7.271985,Saud_Alshuraim
8.14362,0.85172683,Saud_Alshuraim
3.4615273,4.653078,Saud_Alshuraim
-5.9203753,4.7746625,Saud_Alshuraim
-7.579183,-2.8679628,Saud_Alshuraim
8.503132,0.61218625,Saud_Alshuraim
6.003441,-7.3731604,Saud_Alshuraim
8.508648,0.74974847,Saud_Alshuraim
-0.008363345,3.8252668,Saud_Alshuraim
-2.142953,-5.7424974,Saud_Alshuraim
3.5048952,4.635511,Saud_Alshuraim
4.049323,1.853194,Saud_Alshuraim
3.902368,1.884746,Saud_Alshuraim
-7.2889256,-3.1416245,Saud_Alshuraim
-2.4794815,-5.516334,Saud_Alshuraim
3.4612925,4.662869,Saud_Alshuraim
6.032236,-7.483698,Saud_Alshuraim
-2.2678678,-5.664981,Saud_Alshuraim
-2.2041924,-5.700622,Saud_Alshuraim
5.9161954,-6.449605,Saud_Alshuraim
8.436913,0.7417789,Saud_Alshuraim
0.44755927,3.7275407,Saud_Alshuraim
0.042808574,3.5777142,Saud_Alshuraim
3.9611013,1.7969764,Saud_Alshuraim
-2.1025965,-5.7859387,Saud_Alshuraim
3.5933082,4.467481,Saud_Alshuraim
3.9503665,1.7968788,Saud_Alshuraim
-2.392885,-5.5883317,Saud_Alshuraim
5.926943,-6.7973576,Saud_Alshuraim
8.392204,0.8611399,Saud_Alshuraim
8.30303,0.79538584,Saud_Alshuraim
2.1439462,4.788009,Saud_Alshuraim
0.05852519,3.8475182,Saud_Alshuraim
-8.240337,-5.549966,Saud_Alshuraim
6.1057835,-7.597929,Saud_Alshuraim
-8.334618,-5.412545,Saud_Alshuraim
-8.279341,-5.695533,Saud_Alshuraim
-2.1265543,-5.819773,Saud_Alshuraim
-2.9134836,-4.802196,Saud_Alshuraim
3.8875246,1.8035324,Saud_Alshuraim
6.095763,-7.724626,Saud_Alshuraim
4.096049,1.8322222,Saud_Alshuraim
8.469115,0.73549306,Saud_Alshuraim
-2.264228,-5.660337,Saud_Alshuraim
-0.043260828,3.8172457,Saud_Alshuraim
-8.208383,-5.4708996,Saud_Alshuraim
-1.3656175,4.548362,Saud_Alshuraim
-2.1044598,-5.793011,Saud_Alshuraim
6.006473,-7.3020897,Saud_Alshuraim
3.3383396,4.5124693,Saud_Alshuraim
3.9031205,1.9225237,Saud_Alshuraim
5.981382,-7.290848,Saud_Alshuraim
6.018509,-7.396602,Saud_Alshuraim
5.9557643,-7.25308,Saud_Alshuraim
3.8675537,1.85725,Saud_Alshuraim
-8.218754,-5.108822,Saud_Alshuraim
-8.149532,-5.517008,Saud_Alshuraim
-8.102798,-5.5969625,Saud_Alshuraim
-8.244117,-5.6427064,Saud_Alshuraim
5.987666,-7.324115,Saud_Alshuraim
0.08007347,3.766165,Saud_Alshuraim
-2.2475817,-5.679209,Saud_Alshuraim
-2.9025836,-4.8066072,Saud_Alshuraim
-2.2480521,-5.6869206,Saud_Alshuraim
5.8926897,-6.7681417,Saud_Alshuraim
5.914255,-6.246772,Saud_Alshuraim
-2.3791769,-5.622425,Saud_Alshuraim
-7.941161,-4.211447,Saud_Alshuraim
-2.21659,-5.7133594,Saud_Alshuraim
-2.1654222,-5.7865443,Saud_Alshuraim
5.978851,-7.291181,Saud_Alshuraim
5.910138,-6.8326817,Saud_Alshuraim
5.98405,-7.27963,Saud_Alshuraim
5.89495,-6.597333,Saud_Alshuraim
0.384415,3.8448856,Saud_Alshuraim
6.017392,-7.3294654,Saud_Alshuraim
-0.022995865,3.8457837,Saud_Alshuraim
8.300126,0.89889514,Saud_Alshuraim
-8.181423,-4.992494,Saud_Alshuraim
6.0330734,-7.514539,Saud_Alshuraim
3.4515,4.686245,Saud_Alshuraim
-7.9827595,-2.495666,Saud_Alshuraim
5.8908644,-6.6273665,Saud_Alshuraim
-7.2849975,-3.1061087,Saud_Alshuraim
3.3987207,4.5883317,Saud_Alshuraim
-8.112828,-5.54048,Saud_Alshuraim
6.001196,-7.430249,Saud_Alshuraim
3.9534605,1.8056118,Saud_Alshuraim
0.20758486,3.8334517,Saud_Alshuraim
-0.26475298,3.759501,Saud_Alshuraim
-7.957781,-5.2687416,Saud_Alshuraim
-8.366343,-5.4445105,Saud_Alshuraim
-7.950791,-4.057884,Saud_Alshuraim
5.885597,-6.7690496,Saud_Alshuraim
-8.070337,-5.784234,Saud_Alshuraim
3.5639691,4.7090955,Saud_Alshuraim
-2.429385,-5.5473347,Saud_Alshuraim
3.9556751,1.7650919,Saud_Alshuraim
-2.6835465,-5.4588084,Saud_Alshuraim
3.9684227,1.8047886,Saud_Alshuraim
3.604271,4.524383,Saud_Alshuraim
3.9685895,1.8219889,Saud_Alshuraim
-3.4922602,-4.713343,Saud_Alshuraim
-0.726771,3.876674,Saud_Alshuraim
4.250966,1.4224753,Saud_Alshuraim
-3.005016,-5.397735,Saud_Alshuraim
3.4684048,4.670337,Saud_Alshuraim
1.3413101,4.0985017,Saud_Alshuraim
-2.9714212,-5.367795,Saud_Alshuraim
3.5506666,4.7119064,Saud_Alshuraim
-7.266894,-3.125197,Saud_Alshuraim
-8.216367,-5.163588,Saud_Alshuraim
3.876422,1.8148235,Saud_Alshuraim
-2.2285485,-5.6492643,Saud_Alshuraim
-2.4633381,-5.538865,Saud_Alshuraim
-8.353814,-5.739668,Saud_Alshuraim
-7.983232,-2.5085785,Saud_Alshuraim
-2.3387077,-5.6287336,Saud_Alshuraim
-3.0867114,-5.3225455,Saud_Alshuraim
-2.2106128,-5.7439013,Saud_Alshuraim
-7.470423,-2.8669817,Saud_Alshuraim
6.0064764,-7.4812436,Saud_Alshuraim
5.9167523,-6.8503513,Saud_Alshuraim
-2.1155453,-5.770753,Saud_Alshuraim
3.8154845,1.7167856,Saud_Alshuraim
-8.209839,-5.7533245,Saud_Alshuraim
8.222638,1.0046865,Saud_Alshuraim
0.41625917,3.826822,Saud_Alshuraim
8.480602,0.70737505,Saud_Alshuraim
5.9117746,-7.0968394,Saud_Alshuraim
-7.12085,-3.408815,Saud_Alshuraim
8.020785,1.147681,Saud_Alshuraim
8.513924,0.1824797,Saud_Alshuraim
0.7711788,5.140332,Saud_Alshuraim
-7.7736487,-2.70153,Saud_Alshuraim
-8.321515,-5.7934365,Saud_Alshuraim
-8.250058,-5.7316384,Saud_Alshuraim
-5.6597037,4.893441,Saud_Alshuraim
0.82702833,4.0160317,Saud_Alshuraim
-8.066048,-4.689841,Saud_Alshuraim
5.734318,-7.1122713,Saud_Alshuraim
3.9449203,1.7979008,Saud_Alshuraim
-1.956696,-5.884309,Saud_Alshuraim
-7.279417,-2.9634023,Saud_Alshuraim
0.13332243,3.834965,Saud_Alshuraim
5.9710875,-7.1170893,Saud_Alshuraim
-7.7815404,-2.6977663,Saud_Alshuraim
0.4881395,3.9520144,Saud_Alshuraim
6.074439,-7.7347136,Saud_Alshuraim
-2.560262,-5.5542145,Saud_Alshuraim
-2.5287204,-5.4857183,Saud_Alshuraim
7.6535997,1.2321101,Saud_Alshuraim
0.13720053,3.8982136,Saud_Alshuraim
8.409423,0.77509546,Saud_Alshuraim
4.204395,1.6279677,Saud_Alshuraim
6.0429025,-7.6170287,Saud_Alshuraim
6.0052752,-7.444243,Saud_Alshuraim
8.32765,0.9150672,Saud_Alshuraim
-8.022329,-2.4619224,Saud_Alshuraim
-7.981393,-4.6143193,Saud_Alshuraim
8.390489,0.76854664,Saud_Alshuraim
-1.4793384,-6.2368894,Saud_Alshuraim
-8.200498,-5.658071,Saud_Alshuraim
-8.08132,-2.4514794,Saud_Alshuraim
-3.1696246,-5.3992457,Saud_Alshuraim
-2.8180685,-4.805914,Saud_Alshuraim
-10.585226,0.8662979,Saud_Alshuraim
-2.5026653,-5.558721,Saud_Alshuraim
-1.9332366,-6.059626,Saud_Alshuraim
3.5364234,4.686629,Saud_Alshuraim
5.947553,-7.332768,Saud_Alshuraim
8.437873,0.9516337,Saud_Alshuraim
-7.7305894,-2.7580545,Saud_Alshuraim
-8.217047,-5.6202793,Saud_Alshuraim
-2.8104513,-5.4565773,Saud_Alshuraim
-8.305762,-5.594962,Saud_Alshuraim
-8.367713,-5.44988,Saud_Alshuraim
3.9210713,1.8055284,Saud_Alshuraim
-10.363667,-0.19804706,Saud_Alshuraim
-2.3486161,-5.573843,Saud_Alshuraim
-7.712791,-2.5237293,Saud_Alshuraim
-7.441858,-2.9787667,Saud_Alshuraim
6.009833,-7.473116,Saud_Alshuraim
-8.176631,-5.4481955,Saud_Alshuraim
8.419768,0.73678964,Saud_Alshuraim
8.434101,0.7050906,Saud_Alshuraim
-8.030933,-5.281372,Saud_Alshuraim
0.645692,4.067828,Saud_Alshuraim
-7.8413754,-2.6191638,Saud_Alshuraim
-8.278422,-5.5440636,Saud_Alshuraim
5.9593873,-7.191045,Saud_Alshuraim
5.9622746,-6.3913784,Saud_Alshuraim
-8.189081,-5.5799966,Saud_Alshuraim
-0.18745437,6.324455,Saud_Alshuraim
-2.419849,4.510291,Saud_Alshuraim
3.8325286,1.92706,Saud_Alshuraim
-2.442274,-5.5360785,Saud_Alshuraim
-2.5157342,-5.5379667,Saud_Alshuraim
6.1397376,-7.795028,Saud_Alshuraim
4.2147126,1.7675691,Saud_Alshuraim
-2.9252374,-5.350959,Saud_Alshuraim
3.4195726,4.640928,Saud_Alshuraim
-8.303576,-5.2269735,Saud_Alshuraim
-2.482551,-5.5482802,Saud_Alshuraim
5.9097676,-6.607886,Saud_Alshuraim
-0.98433405,-7.673895,Saud_Alshuraim
-7.79955,-2.5942132,Saud_Alshuraim
5.915864,-6.930734,Saud_Alshuraim
8.490558,0.10644528,Saud_Alshuraim
3.4758968,4.673044,Saud_Alshuraim
3.802562,1.7667211,Saud_Alshuraim
8.407148,0.7551941,Saud_Alshuraim
-0.022093182,3.8167539,Saud_Alshuraim
-7.6404233,-2.6205242,Saud_Alshuraim
8.422999,0.84738237,Saud_Alshuraim
5.9481587,-6.8553767,Saud_Alshuraim
-8.276859,-5.5565042,Saud_Alshuraim
-7.2136765,-3.2044773,Saud_Alshuraim
5.995025,-7.470941,Saud_Alshuraim
8.434917,0.7509265,Saud_Alshuraim
-7.705485,-2.7679474,Saud_Alshuraim
3.5200858,4.7038016,Saud_Alshuraim
6.0406685,-7.765298,Saud_Alshuraim
3.6143186,4.732725,Saud_Alshuraim
-11.2561655,1.104703,Saud_Alshuraim
-1.4146942,4.534101,Saud_Alshuraim
-8.433952,-5.348223,Saud_Alshuraim
3.443519,4.6142955,Saud_Alshuraim
-8.332356,-5.3622146,Saud_Alshuraim
6.003146,-7.2662945,Saud_Alshuraim
1.4675696,4.1592984,Saud_Alshuraim
3.0703573,4.5767,Saud_Alshuraim
5.996145,-7.1600657,Saud_Alshuraim
3.8226917,1.7975248,Saud_Alshuraim
3.4880352,2.3792686,Saud_Alshuraim
5.960999,-7.007173,Saud_Alshuraim
8.512369,0.71033555,Saud_Alshuraim
-8.286453,-5.571532,Saud_Alshuraim
8.469083,0.67703635,Saud_Alshuraim
3.5451488,4.7097783,Saud_Alshuraim
3.9918082,1.755023,Saud_Alshuraim
-8.186491,-5.7230124,Saud_Alshuraim
-2.2844203,-5.661097,Saud_Alshuraim
3.8981066,1.9879636,Saud_Alshuraim
5.90255,-6.4698524,Saud_Alshuraim
8.454128,0.7392723,Saud_Alshuraim
-8.142415,-2.3992598,Saud_Alshuraim
3.3944776,4.6296906,Saud_Alshuraim
1.4680914,4.285184,Saud_Alshuraim
-7.6550145,-2.8024344,Saud_Alshuraim
8.174375,0.8623412,Saud_Alshuraim
-7.740311,-2.7425156,Saud_Alshuraim
3.4352684,4.6409388,Saud_Alshuraim
3.594702,2.2377114,Saud_Alshuraim
3.953277,1.8937191,Saud_Alshuraim
-8.416886,-5.4437757,Saud_Alshuraim
-2.1297936,-5.7479973,Saud_Alshuraim
5.8730016,-6.6634545,Saud_Alshuraim
3.5329254,4.704872,Saud_Alshuraim
-2.4544284,-5.592423,Saud_Alshuraim
-8.29517,-5.368352,Saud_Alshuraim
3.3847334,4.6500998,Saud_Alshuraim
3.4579837,4.649452,Saud_Alshuraim
3.3658075,2.0404727,Saud_Alshuraim
3.574906,4.711956,Saud_Alshuraim
-8.23055,-5.5894914,Saud_Alshuraim
-2.3665626,-5.6389937,Saud_Alshuraim
-2.2028122,-5.72516,Saud_Alshuraim
8.410335,0.78917104,Saud_Alshuraim
3.4703374,4.638481,Saud_Alshuraim
-7.6511116,-2.8081865,Saud_Alshuraim
-8.02367,-2.5175285,Saud_Alshuraim
6.063765,-7.463933,Saud_Alshuraim
0.6294586,4.16477,Saud_Alshuraim
-3.5873408,-9.066353,Saad_Alghamdi
0.14675964,11.075558,Saad_Alghamdi
-4.6098247,-7.6927557,Saad_Alghamdi
-5.9469047,-6.832586,Saad_Alghamdi
-3.5622087,-9.321029,Saad_Alghamdi
3.6623864,6.5260267,Saad_Alghamdi
-6.8940306,-2.8962471,Saad_Alghamdi
2.5418777,7.207284,Saad_Alghamdi
3.9965262,6.6050487,Saad_Alghamdi
0.23112257,11.079173,Saad_Alghamdi
0.24604586,10.974796,Saad_Alghamdi
-0.78211015,-3.9525151,Saad_Alghamdi
-0.4265693,-4.029466,Saad_Alghamdi
4.5524783,6.450353,Saad_Alghamdi
0.15106039,11.05269,Saad_Alghamdi
-0.4283781,-4.134492,Saad_Alghamdi
-5.698662,-6.624804,Saad_Alghamdi
2.0390859,-4.1469064,Saad_Alghamdi
2.3736553,-2.7654967,Saad_Alghamdi
2.0570877,-4.1106224,Saad_Alghamdi
-0.56523573,-3.9628658,Saad_Alghamdi
-0.8530195,-3.9762762,Saad_Alghamdi
-5.3996553,-7.2310867,Saad_Alghamdi
-5.211679,-4.4176545,Saad_Alghamdi
0.11814871,11.03733,Saad_Alghamdi
-7.582625,3.510253,Saad_Alghamdi
-5.1664486,-7.206428,Saad_Alghamdi
2.9399397,6.543922,Saad_Alghamdi
2.2231145,-3.8298347,Saad_Alghamdi
-0.3472133,-4.0123777,Saad_Alghamdi
-4.218641,-8.517944,Saad_Alghamdi
-3.2684178,-10.032944,Saad_Alghamdi
-3.5458496,-9.3046,Saad_Alghamdi
3.5928338,6.6521583,Saad_Alghamdi
-3.434001,-9.661877,Saad_Alghamdi
-0.9784068,-3.9682622,Saad_Alghamdi
0.070231825,11.10538,Saad_Alghamdi
-0.65054375,-3.993594,Saad_Alghamdi
0.16564438,10.942527,Saad_Alghamdi
-3.4920707,-9.158794,Saad_Alghamdi
1.8516442,-4.078989,Saad_Alghamdi
0.23225251,10.938757,Saad_Alghamdi
-1.3376029,-4.086389,Saad_Alghamdi
2.088719,-4.3076015,Saad_Alghamdi
-5.3042145,-7.39075,Saad_Alghamdi
-5.2239738,-7.0744686,Saad_Alghamdi
-0.4962178,-3.8867931,Saad_Alghamdi
-7.753448,3.312204,Saad_Alghamdi
0.041231245,11.066221,Saad_Alghamdi
3.5518754,6.5255227,Saad_Alghamdi
0.1114045,11.009679,Saad_Alghamdi
2.0334089,-4.0352135,Saad_Alghamdi
-4.7420053,-7.579244,Saad_Alghamdi
2.134077,-3.7455564,Saad_Alghamdi
-3.7077162,-9.112698,Saad_Alghamdi
0.26926982,10.946292,Saad_Alghamdi
-4.5839653,-4.2191687,Saad_Alghamdi
3.3330953,6.746819,Saad_Alghamdi
-4.7955465,-7.6971107,Saad_Alghamdi
0.23089291,11.063368,Saad_Alghamdi
2.1307364,-3.9622629,Saad_Alghamdi
-5.5222554,-7.401392,Saad_Alghamdi
-3.5300722,-9.501619,Saad_Alghamdi
2.0456774,-4.0816345,Saad_Alghamdi
4.744915,6.6001444,Saad_Alghamdi
4.1310315,6.5204387,Saad_Alghamdi
-2.2828789,-4.2478642,Saad_Alghamdi
2.0070093,-4.270488,Saad_Alghamdi
4.5021243,6.5196404,Saad_Alghamdi
2.1496885,-3.5683668,Saad_Alghamdi
1.7710301,-4.101977,Saad_Alghamdi
-8.89954,-0.69126076,Saad_Alghamdi
-2.596653,-3.86989,Saad_Alghamdi
0.20111208,11.075211,Saad_Alghamdi
-1.7806958,-3.8499076,Saad_Alghamdi
-0.25777963,11.039307,Saad_Alghamdi
0.098672636,10.999156,Saad_Alghamdi
-5.581389,-7.1236196,Saad_Alghamdi
-5.335709,-7.379825,Saad_Alghamdi
-0.94127774,-3.985917,Saad_Alghamdi
-2.8451102,-3.3133643,Saad_Alghamdi
-0.23834091,11.031857,Saad_Alghamdi
0.116910994,11.078109,Saad_Alghamdi
4.69101,6.462532,Saad_Alghamdi
0.24035373,10.955594,Saad_Alghamdi
-3.5929859,-9.612236,Saad_Alghamdi
-2.193023,-4.17622,Saad_Alghamdi
4.5384107,6.5144424,Saad_Alghamdi
-0.63529223,-3.9438248,Saad_Alghamdi
2.4396105,-3.4194922,Saad_Alghamdi
2.0863721,-4.1203537,Saad_Alghamdi
-2.9192317,6.226322,Saad_Alghamdi
0.22886129,11.050575,Saad_Alghamdi
2.664175,7.5424953,Saad_Alghamdi
4.6934,6.227435,Saad_Alghamdi
-4.32646,-8.375382,Saad_Alghamdi
3.6816077,6.540309,Saad_Alghamdi
2.0776434,-4.076359,Saad_Alghamdi
-6.0074844,-7.2253013,Saad_Alghamdi
1.93325,-4.280149,Saad_Alghamdi
0.12533754,11.072289,Saad_Alghamdi
-3.399825,-9.801777,Saad_Alghamdi
1.9615431,-3.8674047,Saad_Alghamdi
-0.79556215,-3.9813044,Saad_Alghamdi
-5.79375,-7.689837,Saad_Alghamdi
-1.7573286,-4.1513333,Saad_Alghamdi
-0.83925986,6.8634734,Saad_Alghamdi
0.23485845,11.108124,Saad_Alghamdi
-10.502246,-3.829717,Saad_Alghamdi
2.1262486,-3.7951126,Saad_Alghamdi
-0.91058755,-4.021786,Saad_Alghamdi
-10.929979,2.311417,Saad_Alghamdi
3.3832905,6.655809,Saad_Alghamdi
1.9771228,-4.099807,Saad_Alghamdi
-6.652534,-8.049785,Saad_Alghamdi
2.0048966,-4.2947454,Saad_Alghamdi
-3.7174377,-9.222393,Saad_Alghamdi
-1.2177761,-4.00107,Saad_Alghamdi
-3.0648944,-9.979604,Saad_Alghamdi
3.7115347,6.5642257,Saad_Alghamdi
-5.193281,-4.204003,Saad_Alghamdi
3.355592,6.7053027,Saad_Alghamdi
3.098507,6.9769006,Saad_Alghamdi
1.7722995,-1.7936097,Saad_Alghamdi
-2.4605482,-4.150693,Saad_Alghamdi
-0.89653385,-4.099497,Saad_Alghamdi
2.4749944,-2.6171954,Saad_Alghamdi
2.0850887,7.6690702,Saad_Alghamdi
0.23121138,11.110377,Saad_Alghamdi
-0.5347456,-3.963566,Saad_Alghamdi
-5.310699,-7.434795,Saad_Alghamdi
-1.5977776,-4.032284,Saad_Alghamdi
2.0737135,-3.9234564,Saad_Alghamdi
2.085595,-4.1340294,Saad_Alghamdi
2.1187308,-3.8855028,Saad_Alghamdi
1.950741,-4.1214533,Saad_Alghamdi
4.358456,6.561512,Saad_Alghamdi
-0.4757131,-3.9463804,Saad_Alghamdi
-1.937976,-3.9129267,Saad_Alghamdi
0.09973457,11.050387,Saad_Alghamdi
-4.5118003,-8.02672,Saad_Alghamdi
3.56804,6.5621805,Saad_Alghamdi
-3.1399593,-10.095118,Saad_Alghamdi
2.0994546,-4.0507193,Saad_Alghamdi
-5.7305903,-6.7353888,Saad_Alghamdi
-3.672376,-9.182104,Saad_Alghamdi
0.24839917,11.03045,Saad_Alghamdi
4.514634,6.5295477,Saad_Alghamdi
-0.50543153,-3.9565933,Saad_Alghamdi
-0.38501227,-3.9943433,Saad_Alghamdi
4.4433665,6.4971495,Saad_Alghamdi
2.7263696,6.9371123,Saad_Alghamdi
-3.60059,-9.101867,Saad_Alghamdi
-3.1946235,-10.054912,Saad_Alghamdi
-1.2848005,-3.955361,Saad_Alghamdi
4.467129,6.591016,Saad_Alghamdi
-4.5006685,-8.236433,Saad_Alghamdi
-5.3556433,-7.2764964,Saad_Alghamdi
4.4791675,6.4152846,Saad_Alghamdi
-3.4810977,-9.473686,Saad_Alghamdi
-7.6889143,3.340798,Saad_Alghamdi
-0.4434793,11.0710745,Saad_Alghamdi
-4.8342304,-7.4264793,Saad_Alghamdi
-4.86449,-7.5114303,Saad_Alghamdi
-4.8820925,-7.471038,Saad_Alghamdi
-4.758423,-7.6187363,Saad_Alghamdi
-0.5083224,-3.9658942,Saad_Alghamdi
-4.200384,-8.401298,Saad_Alghamdi
-2.951464,-10.198108,Saad_Alghamdi
4.549231,6.497144,Saad_Alghamdi
3.092458,6.880313,Saad_Alghamdi
3.5177214,6.9051156,Saad_Alghamdi
-4.8000555,-7.826903,Saad_Alghamdi
4.626477,6.402502,Saad_Alghamdi
-0.8423032,-3.9673264,Saad_Alghamdi
-2.1767282,-4.200936,Saad_Alghamdi
-1.1483035,-4.031939,Saad_Alghamdi
4.771268,6.3794937,Saad_Alghamdi
-3.198594,-10.09942,Saad_Alghamdi
-5.4527235,-7.0583043,Saad_Alghamdi
-0.5141536,-4.0915146,Saad_Alghamdi
2.0860755,-3.956711,Saad_Alghamdi
2.7130842,6.957098,Saad_Alghamdi
3.433453,6.5327096,Saad_Alghamdi
-0.5893021,-3.9659278,Saad_Alghamdi
-5.5242815,-7.2961893,Saad_Alghamdi
4.9800363,6.749806,Saad_Alghamdi
-3.2414064,-10.083713,Saad_Alghamdi
-0.49918994,-3.947459,Saad_Alghamdi
-3.3976216,-9.740834,Saad_Alghamdi
-7.56285,3.4264677,Saad_Alghamdi
2.350176,-3.7085779,Saad_Alghamdi
4.570311,6.5265517,Saad_Alghamdi
4.288185,6.6094575,Saad_Alghamdi
3.9891331,6.576014,Saad_Alghamdi
-0.764028,-4.0425086,Saad_Alghamdi
4.407185,6.5087037,Saad_Alghamdi
0.25753143,10.897429,Saad_Alghamdi
-6.0294695,-7.028081,Saad_Alghamdi
-3.5476284,-9.248446,Saad_Alghamdi
2.5109599,-3.1145198,Saad_Alghamdi
-0.30551007,-4.1397,Saad_Alghamdi
4.478932,6.4949718,Saad_Alghamdi
-8.618746,-2.1903214,Saad_Alghamdi
4.6580415,6.4741545,Saad_Alghamdi
2.095056,-4.200615,Saad_Alghamdi
2.145649,-3.8428304,Saad_Alghamdi
-3.45447,-9.571408,Saad_Alghamdi
-4.863496,-7.9831753,Saad_Alghamdi
-3.4646828,-10.019679,Saad_Alghamdi
-0.48350444,-3.9779696,Saad_Alghamdi
-5.401921,-7.26759,Saad_Alghamdi
2.5513487,-2.4296026,Saad_Alghamdi
-5.3028526,-7.233958,Saad_Alghamdi
-3.4440148,-9.277517,Saad_Alghamdi
-0.54357475,11.096889,Saad_Alghamdi
0.18468924,10.945106,Saad_Alghamdi
1.9746754,-3.8341417,Saad_Alghamdi
-0.36388642,11.125911,Saad_Alghamdi
-10.238478,-4.302634,Saad_Alghamdi
-6.3774137,-2.9457192,Saad_Alghamdi
0.1655675,11.016956,Saad_Alghamdi
3.0050113,7.0506115,Saad_Alghamdi
-3.0199876,-10.288269,Saad_Alghamdi
4.1520452,5.910239,Saad_Alghamdi
-5.8392634,-6.6721687,Saad_Alghamdi
-4.4057317,-8.503813,Saad_Alghamdi
3.4162667,6.464585,Saad_Alghamdi
2.1836376,-3.8911624,Saad_Alghamdi
4.8272276,6.374748,Saad_Alghamdi
3.0422013,7.2590213,Saad_Alghamdi
2.3889906,6.9117045,Saad_Alghamdi
-3.4410527,-9.961814,Saad_Alghamdi
-1.0874887,-4.0115814,Saad_Alghamdi
1.821119,-4.0062757,Saad_Alghamdi
2.027287,-4.2383084,Saad_Alghamdi
-1.1702367,-3.9641185,Saad_Alghamdi
-0.5790756,-3.8944235,Saad_Alghamdi
-0.4994752,-3.9721334,Saad_Alghamdi
2.0487862,-4.18672,Saad_Alghamdi
-0.37314525,-3.9663756,Saad_Alghamdi
1.8198584,-3.9237943,Saad_Alghamdi
3.9088004,6.582388,Saad_Alghamdi
-0.8683242,-4.093762,Saad_Alghamdi
-0.42845052,11.0767975,Saad_Alghamdi
-5.013223,-7.3388944,Saad_Alghamdi
-4.1561956,-8.582069,Saad_Alghamdi
2.420389,-3.3601267,Saad_Alghamdi
4.68403,6.2602124,Saad_Alghamdi
4.485645,6.3852034,Saad_Alghamdi
-0.61259794,-3.964263,Saad_Alghamdi
4.498711,6.5052023,Saad_Alghamdi
3.223734,7.160798,Saad_Alghamdi
2.3984272,-5.0520244,Saad_Alghamdi
2.5491524,-2.3800647,Saad_Alghamdi
-0.5833888,-3.9613492,Saad_Alghamdi
2.0551054,-4.260441,Saad_Alghamdi
0.2739408,11.101228,Saad_Alghamdi
4.6022243,6.449581,Saad_Alghamdi
-5.2967653,-7.2244973,Saad_Alghamdi
-3.1888359,-10.07471,Saad_Alghamdi
2.07633,-4.34403,Saad_Alghamdi
0.092540815,11.036678,Saad_Alghamdi
-3.6199553,-9.124417,Saad_Alghamdi
-3.6329896,-9.239306,Saad_Alghamdi
-0.69985574,-3.7900445,Saad_Alghamdi
-3.6516075,-9.147501,Saad_Alghamdi
-0.43119216,-3.9748983,Saad_Alghamdi
-0.37161255,-4.064449,Saad_Alghamdi
4.728086,6.139978,Saad_Alghamdi
2.1417441,-3.7207417,Saad_Alghamdi
-0.7530854,-3.965,Saad_Alghamdi
-5.3934197,-7.6317134,Saad_Alghamdi
2.0450087,-4.349658,Saad_Alghamdi
-5.507168,-7.790311,Saad_Alghamdi
-5.3730783,-6.887339,Saad_Alghamdi
-5.47733,-7.047814,Saad_Alghamdi
-5.810086,-6.8100486,Saad_Alghamdi
2.195535,-3.623516,Saad_Alghamdi
-3.5454104,-9.541545,Saad_Alghamdi
-6.0392632,-6.7298465,Saad_Alghamdi
2.0544195,-4.009706,Saad_Alghamdi
-3.4648538,-9.748969,Saad_Alghamdi
2.080727,-3.9995358,Saad_Alghamdi
4.2361693,6.617324,Saad_Alghamdi
-6.7624454,-3.0474002,Saad_Alghamdi
1.8549842,-3.7329626,Saad_Alghamdi
-0.3841627,-4.058274,Saad_Alghamdi
-0.63455755,-3.971168,Saad_Alghamdi
-3.4237282,-9.676174,Saad_Alghamdi
1.8557687,-3.8422217,Saad_Alghamdi
-3.575747,-9.186009,Saad_Alghamdi
-2.5770526,6.660432,Saad_Alghamdi
-3.6753106,-8.948736,Saad_Alghamdi
2.3499167,-3.7679815,Saad_Alghamdi
0.278962,10.932308,Saad_Alghamdi
-3.3414237,-9.909164,Saad_Alghamdi
2.0442884,-4.17094,Saad_Alghamdi
-0.37680957,-4.127857,Saad_Alghamdi
-2.7639308,-3.2422853,Saad_Alghamdi
0.08578225,11.021195,Saad_Alghamdi
-5.9763994,-6.688766,Saad_Alghamdi
-4.4072,-8.3503895,Saad_Alghamdi
-2.557071,-3.9477017,Saad_Alghamdi
4.2568073,6.556928,Saad_Alghamdi
-0.7170976,-3.9804354,Saad_Alghamdi
-5.394878,-6.9196124,Saad_Alghamdi
-3.269861,-10.088397,Saad_Alghamdi
2.0335476,-4.0594106,Saad_Alghamdi
-7.4856095,3.4621856,Saad_Alghamdi
-5.9908137,-8.401246,Saad_Alghamdi
3.2075214,6.560712,Saad_Alghamdi
4.565684,6.5906606,Saad_Alghamdi
-0.538256,-3.9950135,Saad_Alghamdi
-1.049266,-4.0202413,Saad_Alghamdi
4.5937223,6.32182,Saad_Alghamdi
4.1282215,6.559822,Saad_Alghamdi
2.472782,7.043681,Saad_Alghamdi
0.15472089,11.098539,Saad_Alghamdi
2.3915431,-2.758217,Saad_Alghamdi
4.4073114,6.509365,Saad_Alghamdi
-5.619876,-7.0363126,Saad_Alghamdi
2.2721534,-3.8136623,Saad_Alghamdi
3.0970051,6.9625382,Saad_Alghamdi
-3.3689783,-9.433715,Saad_Alghamdi
3.0030885,6.8813396,Saad_Alghamdi
2.1950667,-3.7944598,Saad_Alghamdi
-0.5194928,-3.9969623,Saad_Alghamdi
-3.1194363,-10.026179,Saad_Alghamdi
-5.4918356,-6.867658,Saad_Alghamdi
-2.7629774,6.9685197,Saad_Alghamdi
2.4248264,6.857909,Saad_Alghamdi
-4.7353415,-7.6433983,Saad_Alghamdi
4.6733437,6.6080317,Saad_Alghamdi
2.3216178,7.864447,Saad_Alghamdi
3.5224183,6.7492027,Saad_Alghamdi
2.0282927,-3.9396183,Saad_Alghamdi
0.15787168,11.031105,Saad_Alghamdi
2.7233198,6.882374,Saad_Alghamdi
-3.8448794,-8.82573,Saad_Alghamdi
-3.0791526,-10.175788,Saad_Alghamdi
0.31345826,10.748574,Saad_Alghamdi
-4.7937665,-7.3135104,Saad_Alghamdi
-6.02942,-7.1343827,Saad_Alghamdi
0.10808366,11.107852,Saad_Alghamdi
-0.96619064,-4.085678,Saad_Alghamdi
-2.9456408,-10.240938,Saad_Alghamdi
-2.6251998,-3.873091,Saad_Alghamdi
-4.729582,-7.489454,Saad_Alghamdi
3.3507218,6.5832577,Saad_Alghamdi
-4.8839417,-7.3901987,Saad_Alghamdi
0.18471025,11.045406,Saad_Alghamdi
2.0162435,-3.9890666,Saad_Alghamdi
-3.4629238,-9.4182005,Saad_Alghamdi
-3.4401464,-9.823208,Saad_Alghamdi
4.4467573,6.5040264,Saad_Alghamdi
-3.4547098,-9.573458,Saad_Alghamdi
-5.42405,-7.602346,Saad_Alghamdi
-3.5051293,-9.760634,Saad_Alghamdi
-1.1637124,-4.021313,Saad_Alghamdi
-0.7028473,-3.9563155,Saad_Alghamdi
-0.6870231,-3.9868493,Saad_Alghamdi
-3.1659,-10.169991,Saad_Alghamdi
-0.7952249,-3.9628515,Saad_Alghamdi
2.490081,-3.2035165,Saad_Alghamdi
-4.15253,-8.488228,Saad_Alghamdi
3.5360498,6.555874,Saad_Alghamdi
2.088819,-3.9558794,Saad_Alghamdi
0.5915522,10.664913,Saad_Alghamdi
-4.2516966,-8.380792,Saad_Alghamdi
2.7947571,7.0870643,Saad_Alghamdi
1.6842507,-1.7353026,Saad_Alghamdi
-0.5556121,4.4441137,Saad_Alghamdi
-1.1090058,-3.2737374,Saad_Alghamdi
2.170278,-3.8980083,Saad_Alghamdi
-0.59404236,-12.33178,Saad_Alghamdi
3.7958558,6.756682,Saad_Alghamdi
-0.42895553,-3.9816215,Saad_Alghamdi
-3.0992827,-10.1830015,Saad_Alghamdi
-1.2420723,-4.031381,Saad_Alghamdi
-3.1420376,-10.228436,Saad_Alghamdi
-5.9017534,-7.548255,Saad_Alghamdi
-4.7425184,-8.0754595,Saad_Alghamdi
-6.732431,-2.9066818,Saad_Alghamdi
2.9015644,7.3983483,Saad_Alghamdi
-0.5536303,-3.984617,Saad_Alghamdi
-0.5272071,-3.579962,Saad_Alghamdi
2.5348213,7.505345,Saad_Alghamdi
4.8773046,6.3664203,Saad_Alghamdi
2.236646,7.795211,Saad_Alghamdi
1.9102948,-3.650333,Saad_Alghamdi
-4.9123783,-8.042259,Saad_Alghamdi
-3.1542253,-10.14959,Saad_Alghamdi
2.4363394,-2.4850764,Saad_Alghamdi
-1.8548901,-3.8183904,Saad_Alghamdi
4.641733,6.2704124,Saad_Alghamdi
-1.0481992,-4.0471816,Saad_Alghamdi
-0.521058,-3.9864016,Saad_Alghamdi
-0.7432355,-3.994223,Saad_Alghamdi
1.5299811,7.7650704,Saad_Alghamdi
3.244942,6.8451977,Saad_Alghamdi
-0.4930725,-3.993059,Saad_Alghamdi
-6.1422596,-6.747312,Saad_Alghamdi
4.6287875,6.4638066,Saad_Alghamdi
4.639047,6.372955,Saad_Alghamdi
-0.6336087,-3.9719007,Saad_Alghamdi
4.027291,6.568357,Saad_Alghamdi
-2.1855218,-4.132232,Saad_Alghamdi
-5.488885,-7.0150614,Saad_Alghamdi
-3.3026285,-9.790556,Saad_Alghamdi
2.4195106,-2.5908303,Saad_Alghamdi
-4.9371634,-7.620359,Saad_Alghamdi
-6.0238204,-7.4545836,Saad_Alghamdi
1.868562,-3.5874238,Saad_Alghamdi
2.4198687,6.989482,Saad_Alghamdi
1.8962636,-3.7928765,Saad_Alghamdi
-3.886134,-9.304062,Saad_Alghamdi
-3.0780141,-10.317822,Saad_Alghamdi
-0.69911,-3.9025733,Saad_Alghamdi
-5.698142,-7.5012236,Saad_Alghamdi
-3.4279873,-9.314297,Saad_Alghamdi
-0.5096756,-12.346107,Saad_Alghamdi
3.8698714,6.651069,Saad_Alghamdi
-3.72585,-9.288778,Saad_Alghamdi
-3.4257097,-9.539036,Saad_Alghamdi
1.4267288,7.676223,Saad_Alghamdi
-5.3167443,-7.009135,Saad_Alghamdi
-3.2708943,-10.060368,Saad_Alghamdi
-4.595625,-7.6469493,Saad_Alghamdi
-5.1009765,-4.3760242,Saad_Alghamdi
2.8522177,6.9003377,Saad_Alghamdi
4.2527885,6.58974,Saad_Alghamdi
0.09639099,11.050024,Saad_Alghamdi
-3.2656908,-9.93775,Saad_Alghamdi
-1.2328255,-4.08524,Saad_Alghamdi
3.388863,6.7320447,Saad_Alghamdi
-3.0947263,-10.262524,Saad_Alghamdi
-4.937209,-7.4769683,Saad_Alghamdi
-5.586025,-4.2083993,Saad_Alghamdi
2.1880274,-3.8419669,Saad_Alghamdi
2.3161817,-3.7689419,Saad_Alghamdi
4.319885,6.530436,Saad_Alghamdi
-3.3583724,-9.534324,Saad_Alghamdi
-3.1052883,-10.248047,Saad_Alghamdi
-5.489793,-6.956922,Saad_Alghamdi
-0.844996,-4.1251163,Saad_Alghamdi
-5.4478755,-7.3695607,Saad_Alghamdi
-3.3981397,-10.00369,Saad_Alghamdi
0.1267957,11.121702,Saad_Alghamdi
-4.3917994,-8.865554,Saad_Alghamdi
2.3895113,-2.7744572,Saad_Alghamdi
-2.3003168,-4.1408024,Saad_Alghamdi
0.18643604,6.3051486,AbdulRahman_Alsudais
-10.176748,2.1310787,AbdulRahman_Alsudais
1.2743728,6.1727333,AbdulRahman_Alsudais
7.758402,-8.802757,AbdulRahman_Alsudais
-1.3180984,5.9832096,AbdulRahman_Alsudais
7.7293434,-8.787491,AbdulRahman_Alsudais
7.9109216,-8.878306,AbdulRahman_Alsudais
-1.6313413,0.22148307,AbdulRahman_Alsudais
-10.364316,-2.0730813,AbdulRahman_Alsudais
7.3504534,-8.513133,AbdulRahman_Alsudais
-1.6488959,0.25892574,AbdulRahman_Alsudais
-10.182174,-1.9288208,AbdulRahman_Alsudais
-9.876865,3.1891503,AbdulRahman_Alsudais
-6.440121,5.0589867,AbdulRahman_Alsudais
1.1143051,5.3609347,AbdulRahman_Alsudais
0.31433555,5.500393,AbdulRahman_Alsudais
-0.2910518,6.438732,AbdulRahman_Alsudais
0.18604355,5.8786745,AbdulRahman_Alsudais
-5.7709928,2.603402,AbdulRahman_Alsudais
-1.125692,5.899012,AbdulRahman_Alsudais
-9.052068,-1.1155946,AbdulRahman_Alsudais
0.16542695,6.4494977,AbdulRahman_Alsudais
1.3646977,5.3722353,AbdulRahman_Alsudais
1.7475319,6.180667,AbdulRahman_Alsudais
-10.332091,-2.0634778,AbdulRahman_Alsudais
7.6502986,-8.753005,AbdulRahman_Alsudais
-1.6593533,4.740174,AbdulRahman_Alsudais
1.1800021,5.4024115,AbdulRahman_Alsudais
-10.126697,-1.8441831,AbdulRahman_Alsudais
0.032038685,6.535254,AbdulRahman_Alsudais
-1.7244,0.25123784,AbdulRahman_Alsudais
-1.494867,4.651848,AbdulRahman_Alsudais
-6.3110957,5.0186386,AbdulRahman_Alsudais
-1.3561133,0.33381525,AbdulRahman_Alsudais
-1.7612647,0.23496304,AbdulRahman_Alsudais
7.7550106,-8.81563,AbdulRahman_Alsudais
-1.6711749,5.3991523,AbdulRahman_Alsudais
7.4824705,-8.640856,AbdulRahman_Alsudais
-5.865228,2.8107617,AbdulRahman_Alsudais
-1.661968,0.24605747,AbdulRahman_Alsudais
-1.0152606,5.608326,AbdulRahman_Alsudais
-1.5636292,0.24611996,AbdulRahman_Alsudais
-8.160563,-4.7129154,AbdulRahman_Alsudais
8.050989,-8.976614,AbdulRahman_Alsudais
-1.864773,4.7007017,AbdulRahman_Alsudais
6.931288,-8.089336,AbdulRahman_Alsudais
8.050812,-8.978074,AbdulRahman_Alsudais
1.6047025,6.139015,AbdulRahman_Alsudais
8.089705,-8.992321,AbdulRahman_Alsudais
1.6012937,6.234586,AbdulRahman_Alsudais
7.851327,-8.865477,AbdulRahman_Alsudais
0.28683403,5.8526444,AbdulRahman_Alsudais
-6.1700716,5.0039115,AbdulRahman_Alsudais
-5.805814,2.505638,AbdulRahman_Alsudais
-9.022153,-0.9040962,AbdulRahman_Alsudais
7.991476,-8.943561,AbdulRahman_Alsudais
-5.731371,2.4241664,AbdulRahman_Alsudais
1.3208265,5.334963,AbdulRahman_Alsudais
-10.230863,-1.9421184,AbdulRahman_Alsudais
-6.2745633,5.0502024,AbdulRahman_Alsudais
-5.7711244,2.562803,AbdulRahman_Alsudais
-10.517221,1.1037761,AbdulRahman_Alsudais
-6.24851,4.957182,AbdulRahman_Alsudais
-3.7586753,7.357294,AbdulRahman_Alsudais
-10.242013,-1.9440808,AbdulRahman_Alsudais
-1.4755372,0.19100064,AbdulRahman_Alsudais
-6.2926354,5.023432,AbdulRahman_Alsudais
-9.951933,3.2124178,AbdulRahman_Alsudais
0.5945142,5.690772,AbdulRahman_Alsudais
-1.777744,4.8154254,AbdulRahman_Alsudais
-0.8301549,6.3278666,AbdulRahman_Alsudais
-1.5547166,5.2234397,AbdulRahman_Alsudais
-5.7337174,2.4062493,AbdulRahman_Alsudais
8.027848,-8.969051,AbdulRahman_Alsudais
1.5994074,5.9711256,AbdulRahman_Alsudais
7.7561345,-8.81305,AbdulRahman_Alsudais
7.4008365,-8.564135,AbdulRahman_Alsudais
-10.141788,-1.7862262,AbdulRahman_Alsudais
-1.4696592,0.1926836,AbdulRahman_Alsudais
-6.274259,5.0562897,AbdulRahman_Alsudais
-1.2451828,5.5464563,AbdulRahman_Alsudais
-1.5335984,5.197759,AbdulRahman_Alsudais
7.7840233,-8.837372,AbdulRahman_Alsudais
-1.6512113,0.2316165,AbdulRahman_Alsudais
-6.2256374,5.0159187,AbdulRahman_Alsudais
-9.112252,-0.7614653,AbdulRahman_Alsudais
-5.7127147,2.3187852,AbdulRahman_Alsudais
-6.2347226,5.0004106,AbdulRahman_Alsudais
-10.077642,-1.6338887,AbdulRahman_Alsudais
7.938873,-8.923341,AbdulRahman_Alsudais
-2.6563606,4.344848,AbdulRahman_Alsudais
-9.929726,-1.8091893,AbdulRahman_Alsudais
-1.2842642,6.093689,AbdulRahman_Alsudais
-6.333049,5.0390043,AbdulRahman_Alsudais
-10.6280365,-2.4320276,AbdulRahman_Alsudais
-1.5587459,5.044236,AbdulRahman_Alsudais
-1.7191801,0.24628247,AbdulRahman_Alsudais
0.77450716,6.7111545,AbdulRahman_Alsudais
1.1409342,5.288585,AbdulRahman_Alsudais
-5.9991274,4.858876,AbdulRahman_Alsudais
-5.6714845,2.1680863,AbdulRahman_Alsudais
-5.760646,2.5980797,AbdulRahman_Alsudais
0.8585749,6.442111,AbdulRahman_Alsudais
-10.209297,-1.9255304,AbdulRahman_Alsudais
-1.6293858,5.205456,AbdulRahman_Alsudais
-1.4912553,0.27007324,AbdulRahman_Alsudais
-1.4860173,4.718299,AbdulRahman_Alsudais
-5.785787,2.621626,AbdulRahman_Alsudais
-10.278881,-1.9837894,AbdulRahman_Alsudais
-1.6250213,0.23763935,AbdulRahman_Alsudais
7.4453406,-8.611017,AbdulRahman_Alsudais
-6.331603,5.061781,AbdulRahman_Alsudais
0.33896607,5.6661234,AbdulRahman_Alsudais
-1.4853753,0.19759561,AbdulRahman_Alsudais
-1.6927145,0.25480685,AbdulRahman_Alsudais
-9.34891,-1.7473968,AbdulRahman_Alsudais
-2.051558,4.727665,AbdulRahman_Alsudais
-10.234244,-1.8806386,AbdulRahman_Alsudais
-1.4138716,0.18056303,AbdulRahman_Alsudais
8.0601015,-8.957258,AbdulRahman_Alsudais
-1.5815403,0.17314905,AbdulRahman_Alsudais
0.05723942,6.037668,AbdulRahman_Alsudais
1.2472816,6.1571937,AbdulRahman_Alsudais
-1.2287128,0.09143528,AbdulRahman_Alsudais
-1.5876825,0.2530885,AbdulRahman_Alsudais
-1.647355,0.24765253,AbdulRahman_Alsudais
0.45566207,5.494981,AbdulRahman_Alsudais
-6.33879,5.065385,AbdulRahman_Alsudais
-10.247285,-1.8940547,AbdulRahman_Alsudais
-6.1714697,4.9495597,AbdulRahman_Alsudais
-1.537171,5.2735496,AbdulRahman_Alsudais
7.716659,-8.797019,AbdulRahman_Alsudais
7.4736614,-8.634975,AbdulRahman_Alsudais
-5.778444,2.4008894,AbdulRahman_Alsudais
-10.236551,-1.922777,AbdulRahman_Alsudais
-8.521621,-1.9284257,AbdulRahman_Alsudais
0.6853726,5.5077157,AbdulRahman_Alsudais
-1.6287755,0.23184983,AbdulRahman_Alsudais
-5.7440767,2.5228603,AbdulRahman_Alsudais
-6.0806146,4.9674244,AbdulRahman_Alsudais
-1.5267978,0.22017579,AbdulRahman_Alsudais
8.000503,-8.957526,AbdulRahman_Alsudais
-5.7562923,2.4810445,AbdulRahman_Alsudais
-1.6576388,0.25420165,AbdulRahman_Alsudais
-1.5092273,0.23310782,AbdulRahman_Alsudais
-5.7856865,2.5144033,AbdulRahman_Alsudais
-5.7742968,2.582579,AbdulRahman_Alsudais
-1.4799911,0.20118769,AbdulRahman_Alsudais
0.5501026,5.5879197,AbdulRahman_Alsudais
-5.7712936,2.4517505,AbdulRahman_Alsudais
-5.7398224,2.3422754,AbdulRahman_Alsudais
-8.649957,2.2151623,AbdulRahman_Alsudais
-1.648269,5.0809746,AbdulRahman_Alsudais
7.703344,-8.774545,AbdulRahman_Alsudais
0.10133988,5.850908,AbdulRahman_Alsudais
7.534756,-8.655472,AbdulRahman_Alsudais
-5.790152,2.5973756,AbdulRahman_Alsudais
-1.029574,5.3269053,AbdulRahman_Alsudais
0.42354563,5.347232,AbdulRahman_Alsudais
-1.672805,5.0202127,AbdulRahman_Alsudais
-10.275395,-1.958108,AbdulRahman_Alsudais
1.41961,5.3187733,AbdulRahman_Alsudais
-6.2847037,5.034296,AbdulRahman_Alsudais
-5.7128425,2.5975213,AbdulRahman_Alsudais
-9.837605,3.1816165,AbdulRahman_Alsudais
0.7573824,7.3444033,AbdulRahman_Alsudais
7.916159,-8.899461,AbdulRahman_Alsudais
-0.26398894,6.4541945,AbdulRahman_Alsudais
-6.263457,5.0171165,AbdulRahman_Alsudais
8.042876,-8.952721,AbdulRahman_Alsudais
0.45942134,6.239305,AbdulRahman_Alsudais
-1.5417734,0.1930712,AbdulRahman_Alsudais
-10.375311,-2.0475655,AbdulRahman_Alsudais
7.776991,-8.83426,AbdulRahman_Alsudais
0.12300731,5.653493,AbdulRahman_Alsudais
-6.2151766,4.954897,AbdulRahman_Alsudais
8.092559,-9.000835,AbdulRahman_Alsudais
-1.5722125,0.22770655,AbdulRahman_Alsudais
-5.712647,2.2151613,AbdulRahman_Alsudais
7.674684,-8.776076,AbdulRahman_Alsudais
7.640001,-8.743109,AbdulRahman_Alsudais
1.6146827,5.820736,AbdulRahman_Alsudais
-0.45221004,5.5252604,AbdulRahman_Alsudais
-5.314034,1.7178888,AbdulRahman_Alsudais
0.65086246,6.2528872,AbdulRahman_Alsudais
-10.277252,-1.903513,AbdulRahman_Alsudais
-10.202113,-1.9347957,AbdulRahman_Alsudais
-5.9096327,3.6845744,AbdulRahman_Alsudais
-10.2715,-1.9336612,AbdulRahman_Alsudais
-5.939486,4.5405674,AbdulRahman_Alsudais
-1.3901045,0.16780059,AbdulRahman_Alsudais
-1.5748138,0.25202048,AbdulRahman_Alsudais
1.7989032,6.064757,AbdulRahman_Alsudais
-6.246012,4.9940124,AbdulRahman_Alsudais
7.758108,-8.802347,AbdulRahman_Alsudais
-0.21124664,6.5483623,AbdulRahman_Alsudais
-6.257172,5.0495715,AbdulRahman_Alsudais
-9.184307,-1.5504228,AbdulRahman_Alsudais
7.902528,-8.91747,AbdulRahman_Alsudais
1.483971,6.0637436,AbdulRahman_Alsudais
0.23765296,6.0216775,AbdulRahman_Alsudais
-10.162929,-1.8340112,AbdulRahman_Alsudais
1.3890612,5.26272,AbdulRahman_Alsudais
8.043431,-8.973679,AbdulRahman_Alsudais
-5.366721,1.7604741,AbdulRahman_Alsudais
0.19527276,5.8720365,AbdulRahman_Alsudais
-10.280622,-1.9588513,AbdulRahman_Alsudais
7.561756,-8.692639,AbdulRahman_Alsudais
-0.943439,5.699874,AbdulRahman_Alsudais
-5.78973,2.6243584,AbdulRahman_Alsudais
-3.1340406,6.4475327,AbdulRahman_Alsudais
-9.998291,-1.8661958,AbdulRahman_Alsudais
-9.908629,3.2039313,AbdulRahman_Alsudais
-1.4473712,0.20043787,AbdulRahman_Alsudais
1.6866764,6.029901,AbdulRahman_Alsudais
7.8529887,-8.865223,AbdulRahman_Alsudais
-1.4368002,5.3243704,AbdulRahman_Alsudais
-6.3319864,5.0225277,AbdulRahman_Alsudais
-10.17752,-1.882103,AbdulRahman_Alsudais
1.4716918,5.3565164,AbdulRahman_Alsudais
7.5566864,-8.691712,AbdulRahman_Alsudais
-3.442792,7.3703613,AbdulRahman_Alsudais
-10.104453,-1.53169,AbdulRahman_Alsudais
-5.6974835,2.2012331,AbdulRahman_Alsudais
7.407949,-8.558149,AbdulRahman_Alsudais
0.95769095,6.160794,AbdulRahman_Alsudais
-5.699441,2.5300903,AbdulRahman_Alsudais
0.16735311,6.197165,AbdulRahman_Alsudais
-5.664858,2.136781,AbdulRahman_Alsudais
7.5860944,-8.707924,AbdulRahman_Alsudais
-6.050515,4.8638463,AbdulRahman_Alsudais
1.1938493,5.3754253,AbdulRahman_Alsudais
1.2764186,6.0352154,AbdulRahman_Alsudais
-5.7638927,2.6156342,AbdulRahman_Alsudais
-1.2510679,6.08337,AbdulRahman_Alsudais
1.3412415,5.303665,AbdulRahman_Alsudais
-6.292224,5.0418634,AbdulRahman_Alsudais
-0.37470615,5.612787,AbdulRahman_Alsudais
7.5322623,-8.657351,AbdulRahman_Alsudais
-1.3050447,5.4222603,AbdulRahman_Alsudais
-0.012878383,5.730742,AbdulRahman_Alsudais
0.9552965,5.315943,AbdulRahman_Alsudais
-1.6133133,4.723902,AbdulRahman_Alsudais
-5.5866094,2.0716171,AbdulRahman_Alsudais
-1.138006,6.054921,AbdulRahman_Alsudais
-10.086289,-1.6795148,AbdulRahman_Alsudais
1.5830355,5.95984,AbdulRahman_Alsudais
-6.1214385,4.970516,AbdulRahman_Alsudais
-10.216972,-1.9074519,AbdulRahman_Alsudais
-1.6566436,0.27450076,AbdulRahman_Alsudais
-5.7579412,2.4808576,AbdulRahman_Alsudais
-1.5253742,5.527621,AbdulRahman_Alsudais
7.163983,-8.322937,AbdulRahman_Alsudais
-0.7094804,6.3396354,AbdulRahman_Alsudais
-1.4003159,0.21221888,AbdulRahman_Alsudais
-0.12663637,5.5596585,AbdulRahman_Alsudais
-5.7566853,2.4604223,AbdulRahman_Alsudais
7.723689,-8.811893,AbdulRahman_Alsudais
-6.2495513,4.9999013,AbdulRahman_Alsudais
-1.2099936,5.904407,AbdulRahman_Alsudais
-10.267542,-1.989338,AbdulRahman_Alsudais
-1.1816404,5.735716,AbdulRahman_Alsudais
0.9131329,5.7212586,AbdulRahman_Alsudais
-1.6136224,4.8639283,AbdulRahman_Alsudais
-10.179662,-1.8589629,AbdulRahman_Alsudais
0.22202626,6.2343183,AbdulRahman_Alsudais
1.4887061,5.3013754,AbdulRahman_Alsudais
-1.4202238,5.3009777,AbdulRahman_Alsudais
8.108598,-8.993449,AbdulRahman_Alsudais
7.6632705,-8.754931,AbdulRahman_Alsudais
-5.9171243,2.583268,AbdulRahman_Alsudais
-0.009526373,5.5661707,AbdulRahman_Alsudais
-6.3141456,5.0330434,AbdulRahman_Alsudais
-6.197846,4.980216,AbdulRahman_Alsudais
-1.9878389,0.38582435,AbdulRahman_Alsudais
-1.0116721,5.2526565,AbdulRahman_Alsudais
1.1502227,6.0252876,AbdulRahman_Alsudais
-6.3033586,5.0325227,AbdulRahman_Alsudais
-1.5255017,0.22623567,AbdulRahman_Alsudais
-6.296741,5.041141,AbdulRahman_Alsudais
-6.2072406,4.9546394,AbdulRahman_Alsudais
-6.2570376,5.0383267,AbdulRahman_Alsudais
-5.750435,2.5178642,AbdulRahman_Alsudais
7.5061336,-8.659299,AbdulRahman_Alsudais
-2.9548943,4.642216,AbdulRahman_Alsudais
-0.3030022,5.618944,AbdulRahman_Alsudais
0.8917123,5.380084,AbdulRahman_Alsudais
0.28693095,5.700014,AbdulRahman_Alsudais
-5.853586,2.4562545,AbdulRahman_Alsudais
-5.7634034,2.3198662,AbdulRahman_Alsudais
-1.5776256,0.24509719,AbdulRahman_Alsudais
-10.278779,-1.9126582,AbdulRahman_Alsudais
1.1442803,6.0417137,AbdulRahman_Alsudais
1.3582758,5.396839,AbdulRahman_Alsudais
7.62276,-8.735511,AbdulRahman_Alsudais
0.90645635,6.517456,AbdulRahman_Alsudais
-0.7310512,6.519961,AbdulRahman_Alsudais
-5.802255,2.4444244,AbdulRahman_Alsudais
-6.2572823,4.9803014,AbdulRahman_Alsudais
-5.6443443,2.120192,AbdulRahman_Alsudais
-1.2210237,6.1095366,AbdulRahman_Alsudais
0.052743312,6.722651,AbdulRahman_Alsudais
-0.6948371,6.2508984,AbdulRahman_Alsudais
8.1314,-9.005835,AbdulRahman_Alsudais
1.5215522,5.8632817,AbdulRahman_Alsudais
7.489242,-8.620595,AbdulRahman_Alsudais
-6.0838475,4.7465644,AbdulRahman_Alsudais
-1.5896019,7.1314607,AbdulRahman_Alsudais
-1.5805956,4.8603554,AbdulRahman_Alsudais
-1.5072466,5.11202,AbdulRahman_Alsudais
0.5745824,6.53906,AbdulRahman_Alsudais
7.7598143,-8.832551,AbdulRahman_Alsudais
0.8496436,6.650768,AbdulRahman_Alsudais
-1.3453499,0.1489955,AbdulRahman_Alsudais
-1.3866011,0.16197246,AbdulRahman_Alsudais
0.3956576,6.204138,AbdulRahman_Alsudais
0.5835385,6.426514,AbdulRahman_Alsudais
7.6639924,-8.764713,AbdulRahman_Alsudais
-6.3073726,5.0360284,AbdulRahman_Alsudais
-1.4586118,0.18248434,AbdulRahman_Alsudais
-5.790843,2.5042174,AbdulRahman_Alsudais
-5.8815775,2.782764,AbdulRahman_Alsudais
8.099669,-8.988796,AbdulRahman_Alsudais
-1.2272578,6.1000724,AbdulRahman_Alsudais
-6.2643013,5.051306,AbdulRahman_Alsudais
7.8358164,-8.841044,AbdulRahman_Alsudais
-1.6361425,0.24816197,AbdulRahman_Alsudais
7.3889885,-8.543925,AbdulRahman_Alsudais
1.7493967,5.933346,AbdulRahman_Alsudais
-1.8136412,4.685997,AbdulRahman_Alsudais
-5.8074837,2.6167538,AbdulRahman_Alsudais
-5.266626,1.6429526,AbdulRahman_Alsudais
-6.3345337,5.036398,AbdulRahman_Alsudais
-0.07033986,6.342435,AbdulRahman_Alsudais
-0.79413974,5.5176597,AbdulRahman_Alsudais
0.28069046,-1.7348199,AbdulRahman_Alsudais
-6.3634615,5.071485,AbdulRahman_Alsudais
-1.3274417,4.8507385,AbdulRahman_Alsudais
-10.263377,-1.9815856,AbdulRahman_Alsudais
1.1803681,5.387393,AbdulRahman_Alsudais
-1.4825932,0.22380655,AbdulRahman_Alsudais
7.977621,-8.944648,AbdulRahman_Alsudais
-1.0640085,6.102114,AbdulRahman_Alsudais
-5.8152146,2.726604,AbdulRahman_Alsudais
-5.6647067,2.192903,AbdulRahman_Alsudais
7.831864,-8.858898,AbdulRahman_Alsudais
-10.346793,-2.0636482,AbdulRahman_Alsudais
-10.326423,-2.0283725,AbdulRahman_Alsudais
-5.742441,2.3462782,AbdulRahman_Alsudais
7.174082,-8.35101,AbdulRahman_Alsudais
-6.243556,5.0397863,AbdulRahman_Alsudais
-10.181289,-1.8037726,AbdulRahman_Alsudais
0.10328852,6.3711996,AbdulRahman_Alsudais
0.39902768,6.34487,AbdulRahman_Alsudais
-5.631063,2.2222369,AbdulRahman_Alsudais
7.414217,-8.571655,AbdulRahman_Alsudais
-1.9435408,0.28869453,AbdulRahman_Alsudais
0.6967966,6.2359424,AbdulRahman_Alsudais
-1.1864655,0.025792202,AbdulRahman_Alsudais
-10.190267,-1.8649824,AbdulRahman_Alsudais
7.9935412,-8.947115,AbdulRahman_Alsudais
7.3472996,-8.534319,AbdulRahman_Alsudais
-5.839772,2.6970882,AbdulRahman_Alsudais
-6.4082723,5.055801,AbdulRahman_Alsudais
-10.323774,-1.9460367,AbdulRahman_Alsudais
7.9675746,-8.937198,AbdulRahman_Alsudais
1.6694438,5.8641415,AbdulRahman_Alsudais
-0.31638128,6.4822965,AbdulRahman_Alsudais
7.9195285,-8.903058,AbdulRahman_Alsudais
0.07365161,5.7601924,AbdulRahman_Alsudais
-10.256947,-1.9135981,AbdulRahman_Alsudais
7.414905,-8.580084,AbdulRahman_Alsudais
7.618116,-8.704087,AbdulRahman_Alsudais
-1.3973657,0.19913204,AbdulRahman_Alsudais
-5.769533,2.6256895,AbdulRahman_Alsudais
-6.0365877,4.869366,AbdulRahman_Alsudais
7.805577,-8.858267,AbdulRahman_Alsudais
-10.284196,-1.9985657,AbdulRahman_Alsudais
-10.223533,-1.9280139,AbdulRahman_Alsudais
0.23760799,6.1685243,AbdulRahman_Alsudais
1.1638697,5.378865,AbdulRahman_Alsudais
7.7925196,-8.827023,AbdulRahman_Alsudais
-10.176668,-1.8859693,AbdulRahman_Alsudais
7.939366,-8.930274,AbdulRahman_Alsudais
-6.2183905,5.04329,AbdulRahman_Alsudais
-1.7525265,0.34333602,AbdulRahman_Alsudais
7.4385505,-8.582915,AbdulRahman_Alsudais
1.5163116,5.408194,AbdulRahman_Alsudais
-0.67526233,6.4826236,AbdulRahman_Alsudais
-6.251319,5.0186167,AbdulRahman_Alsudais
1.3355839,5.3605337,AbdulRahman_Alsudais
1.3238423,5.297762,AbdulRahman_Alsudais
-1.6802349,4.9819217,AbdulRahman_Alsudais
7.624261,-8.734467,AbdulRahman_Alsudais
8.04726,-8.9713955,AbdulRahman_Alsudais
-1.5984892,0.2096613,AbdulRahman_Alsudais
-5.7661543,2.5974874,AbdulRahman_Alsudais
-1.9431148,5.318724,AbdulRahman_Alsudais
-1.5957017,5.066296,AbdulRahman_Alsudais
-1.3665407,0.17746231,AbdulRahman_Alsudais
7.780362,-8.8376,AbdulRahman_Alsudais
8.069843,-8.982459,AbdulRahman_Alsudais
7.271611,-8.446997,AbdulRahman_Alsudais
1.5128019,5.7834773,AbdulRahman_Alsudais
-10.466321,-2.3031318,AbdulRahman_Alsudais
-5.7270207,2.4148324,AbdulRahman_Alsudais
-2.2161212,7.5079527,AbdulRahman_Alsudais
-0.030231854,5.496092,AbdulRahman_Alsudais
8.051185,6.590474,Mohammed_Ayoub
-4.5864234,-7.6951275,Mohammed_Ayoub
-1.715158,-10.523036,Mohammed_Ayoub
6.9072275,0.9232883,Mohammed_Ayoub
-0.6927909,-1.5889423,Mohammed_Ayoub
1.5936445,0.07776428,Mohammed_Ayoub
6.894179,4.979373,Mohammed_Ayoub
6.4359603,6.92619,Mohammed_Ayoub
-0.3810027,-12.438348,Mohammed_Ayoub
-0.41397536,-1.759552,Mohammed_Ayoub
6.815204,1.0848566,Mohammed_Ayoub
-1.5075816,-1.8784872,Mohammed_Ayoub
-1.7462492,-10.625584,Mohammed_Ayoub
-0.34715903,-12.459212,Mohammed_Ayoub
6.910921,0.82141536,Mohammed_Ayoub
6.7826023,4.7745943,Mohammed_Ayoub
6.7281394,1.0900532,Mohammed_Ayoub
-1.6843176,-10.5496,Mohammed_Ayoub
7.0217314,0.9037109,Mohammed_Ayoub
1.6405613,0.20144685,Mohammed_Ayoub
-4.9690313,1.0862567,Mohammed_Ayoub
7.1150355,5.3211365,Mohammed_Ayoub
1.3079904,0.09050168,Mohammed_Ayoub
-0.39082175,-12.506336,Mohammed_Ayoub
-0.40788054,-12.499408,Mohammed_Ayoub
5.0192337,0.60914904,Mohammed_Ayoub
-1.4425112,-10.890869,Mohammed_Ayoub
-8.937633,-4.216627,Mohammed_Ayoub
0.9396142,1.8117025,Mohammed_Ayoub
6.512993,-0.08214399,Mohammed_Ayoub
-4.848404,0.93883544,Mohammed_Ayoub
1.4525272,3.39542,Mohammed_Ayoub
-1.4377484,-10.917535,Mohammed_Ayoub
-0.43942356,-12.477485,Mohammed_Ayoub
2.0971987,1.020131,Mohammed_Ayoub
2.855775,0.46566966,Mohammed_Ayoub
1.5848558,3.6378767,Mohammed_Ayoub
6.7308807,0.9930735,Mohammed_Ayoub
-3.2698247,5.013964,Mohammed_Ayoub
9.041153,6.694083,Mohammed_Ayoub
8.140359,6.2800517,Mohammed_Ayoub
-10.920571,2.091548,Mohammed_Ayoub
-4.7443023,0.88668054,Mohammed_Ayoub
-4.9629135,0.95494705,Mohammed_Ayoub
6.9492035,0.88753825,Mohammed_Ayoub
1.5962793,3.586854,Mohammed_Ayoub
-8.964798,-4.1604314,Mohammed_Ayoub
-0.48962924,-12.478927,Mohammed_Ayoub
-1.7406341,-10.439235,Mohammed_Ayoub
-1.6876061,-10.5365,Mohammed_Ayoub
-0.8790855,-1.7196827,Mohammed_Ayoub
0.6200137,1.4679881,Mohammed_Ayoub
2.360759,0.33643904,Mohammed_Ayoub
0.6139265,3.3214982,Mohammed_Ayoub
1.2577119,0.3454362,Mohammed_Ayoub
1.1608883,3.8150527,Mohammed_Ayoub
3.661479,0.62416655,Mohammed_Ayoub
-0.6409158,-1.6691498,Mohammed_Ayoub
-1.8283619,-9.871009,Mohammed_Ayoub
-0.037667323,-12.079791,Mohammed_Ayoub
6.868723,0.98216045,Mohammed_Ayoub
-1.5911826,-2.0422122,Mohammed_Ayoub
6.8075056,0.9807751,Mohammed_Ayoub
8.318133,6.430986,Mohammed_Ayoub
1.5194502,3.6507235,Mohammed_Ayoub
1.4898326,0.20240629,Mohammed_Ayoub
-5.8793635,-7.0557137,Mohammed_Ayoub
7.9282713,6.9255157,Mohammed_Ayoub
1.2261167,3.5758402,Mohammed_Ayoub
1.1216567,3.9000807,Mohammed_Ayoub
-9.085435,-4.001247,Mohammed_Ayoub
-0.27875987,-1.8333155,Mohammed_Ayoub
2.3005307,0.34474626,Mohammed_Ayoub
-3.3701186,-0.13358659,Mohammed_Ayoub
-8.77005,-4.5162783,Mohammed_Ayoub
-1.5479797,-10.664238,Mohammed_Ayoub
-8.846785,-4.2120385,Mohammed_Ayoub
-6.031456,-7.4627995,Mohammed_Ayoub
-1.4767011,-1.9841468,Mohammed_Ayoub
-0.35684368,-1.908547,Mohammed_Ayoub
-0.3369609,-12.479401,Mohammed_Ayoub
-0.49451303,-12.418975,Mohammed_Ayoub
6.115904,1.6015432,Mohammed_Ayoub
-0.49916166,-12.324971,Mohammed_Ayoub
-0.37762988,-12.502557,Mohammed_Ayoub
-1.7834041,-10.354173,Mohammed_Ayoub
1.3885193,3.3349721,Mohammed_Ayoub
0.38232803,-5.3349123,Mohammed_Ayoub
-4.3602095,-7.6886597,Mohammed_Ayoub
-0.6972356,-12.445814,Mohammed_Ayoub
2.067836,0.91092825,Mohammed_Ayoub
6.7212253,4.919286,Mohammed_Ayoub
-1.5941784,-10.6467085,Mohammed_Ayoub
1.9853697,0.17595403,Mohammed_Ayoub
-4.4549656,-7.843251,Mohammed_Ayoub
-4.702478,-7.6243496,Mohammed_Ayoub
-0.34689507,-12.394972,Mohammed_Ayoub
-4.525105,-7.6824512,Mohammed_Ayoub
3.809187,0.8348221,Mohammed_Ayoub
6.945033,0.8985159,Mohammed_Ayoub
-0.47685167,-12.454341,Mohammed_Ayoub
6.921645,0.938107,Mohammed_Ayoub
-0.6669888,-12.406198,Mohammed_Ayoub
-4.3247848,-7.931954,Mohammed_Ayoub
-4.8494735,0.93604195,Mohammed_Ayoub
-5.871899,-7.259863,Mohammed_Ayoub
6.904177,5.151706,Mohammed_Ayoub
-1.4912612,-2.0239296,Mohammed_Ayoub
-0.5001525,-1.6650693,Mohammed_Ayoub
-0.7611353,-1.6547066,Mohammed_Ayoub
1.8957131,0.21013494,Mohammed_Ayoub
-9.088818,-3.9716575,Mohammed_Ayoub
9.168198,6.6849885,Mohammed_Ayoub
4.6258454,1.3399274,Mohammed_Ayoub
-8.9599285,-4.1876864,Mohammed_Ayoub
-1.3295639,-1.8880378,Mohammed_Ayoub
-1.055018,-1.74735,Mohammed_Ayoub
-8.793983,-4.309534,Mohammed_Ayoub
5.0011816,2.3094788,Mohammed_Ayoub
-1.6185292,-10.682966,Mohammed_Ayoub
8.057217,6.4088044,Mohammed_Ayoub
6.941997,0.92147446,Mohammed_Ayoub
-4.646138,0.8345749,Mohammed_Ayoub
5.8547993,5.6394296,Mohammed_Ayoub
6.953171,0.87565446,Mohammed_Ayoub
-0.37070805,-12.503555,Mohammed_Ayoub
8.901932,6.4963417,Mohammed_Ayoub
1.3925105,2.8271947,Mohammed_Ayoub
0.9968542,3.2840493,Mohammed_Ayoub
-0.50959957,-1.6538639,Mohammed_Ayoub
-0.8224456,-1.7000848,Mohammed_Ayoub
-4.6341825,-7.3999367,Mohammed_Ayoub
-0.42823505,-12.432865,Mohammed_Ayoub
-1.0578215,-3.4388425,Mohammed_Ayoub
-1.7247463,-10.526251,Mohammed_Ayoub
1.7411046,4.0496635,Mohammed_Ayoub
-8.855465,-4.1783986,Mohammed_Ayoub
-4.4769893,-7.607209,Mohammed_Ayoub
7.911598,6.795162,Mohammed_Ayoub
2.8256478,0.44758624,Mohammed_Ayoub
-0.9390331,-1.7269924,Mohammed_Ayoub
-1.61371,-10.707081,Mohammed_Ayoub
-4.389597,-7.7077947,Mohammed_Ayoub
9.252547,6.7292004,Mohammed_Ayoub
-4.4853187,-7.6295953,Mohammed_Ayoub
-1.4289453,-10.974087,Mohammed_Ayoub
-4.4570174,-7.6297073,Mohammed_Ayoub
-4.5170965,-7.73062,Mohammed_Ayoub
-8.790396,-4.2634263,Mohammed_Ayoub
1.6943038,4.1696763,Mohammed_Ayoub
-4.5585647,-7.547458,Mohammed_Ayoub
8.130344,6.504845,Mohammed_Ayoub
-9.056618,-4.0948596,Mohammed_Ayoub
-0.40980542,-1.685403,Mohammed_Ayoub
-4.465268,-8.007661,Mohammed_Ayoub
-0.5555953,-12.458433,Mohammed_Ayoub
7.204179,5.4232545,Mohammed_Ayoub
-0.5592539,-1.6642929,Mohammed_Ayoub
-0.45770743,-1.6221594,Mohammed_Ayoub
0.49674743,0.54521704,Mohammed_Ayoub
-1.5884227,-10.630864,Mohammed_Ayoub
8.024273,6.291793,Mohammed_Ayoub
-0.3522919,-12.429608,Mohammed_Ayoub
-0.33954933,-12.438864,Mohammed_Ayoub
-4.5407076,-7.8601217,Mohammed_Ayoub
-0.71367145,-1.6656694,Mohammed_Ayoub
-4.585693,-7.7358966,Mohammed_Ayoub
-4.3676267,-7.829407,Mohammed_Ayoub
-0.40251252,-12.450138,Mohammed_Ayoub
-0.5940098,-12.475143,Mohammed_Ayoub
1.6239969,3.4608757,Mohammed_Ayoub
-0.43430513,-12.393972,Mohammed_Ayoub
-0.3205881,-12.401309,Mohammed_Ayoub
-0.8475559,-1.6964841,Mohammed_Ayoub
6.8656335,0.98223186,Mohammed_Ayoub
1.6476529,3.7012177,Mohammed_Ayoub
1.4881047,3.9508247,Mohammed_Ayoub
-0.7886102,-1.6793854,Mohammed_Ayoub
-7.9355984,0.4108636,Mohammed_Ayoub
-8.531842,-4.1469407,Mohammed_Ayoub
-1.0567642,-1.8067454,Mohammed_Ayoub
-1.7854244,-10.340868,Mohammed_Ayoub
9.19379,6.7264543,Mohammed_Ayoub
1.5434223,3.3916924,Mohammed_Ayoub
-4.7176027,-7.674987,Mohammed_Ayoub
1.540011,3.020101,Mohammed_Ayoub
-0.65757203,-12.291422,Mohammed_Ayoub
-0.7703081,-1.6818879,Mohammed_Ayoub
1.8944744,1.0485837,Mohammed_Ayoub
-0.20672305,-0.26943448,Mohammed_Ayoub
-0.42495206,-12.305799,Mohammed_Ayoub
-4.648608,-7.8952446,Mohammed_Ayoub
0.44320148,2.9423213,Mohammed_Ayoub
-4.881111,1.0344009,Mohammed_Ayoub
-0.4425016,-12.504299,Mohammed_Ayoub
1.5380126,3.507374,Mohammed_Ayoub
-4.5326552,-7.7700624,Mohammed_Ayoub
8.874107,7.053889,Mohammed_Ayoub
-1.7065558,-10.50176,Mohammed_Ayoub
2.14142,0.33046865,Mohammed_Ayoub
-0.57731974,-1.6984122,Mohammed_Ayoub
-0.24451263,-1.7680684,Mohammed_Ayoub
-4.5486794,-7.6020308,Mohammed_Ayoub
-2.1778247,3.6529424,Mohammed_Ayoub
0.537814,2.9565005,Mohammed_Ayoub
-4.4758162,-7.539698,Mohammed_Ayoub
1.6787813,3.9849823,Mohammed_Ayoub
2.2103536,1.7716849,Mohammed_Ayoub
-0.44198868,-12.497367,Mohammed_Ayoub
-0.53342044,-1.7185228,Mohammed_Ayoub
7.5459237,6.1507735,Mohammed_Ayoub
-1.5622231,-10.759587,Mohammed_Ayoub
-1.8844532,-10.209611,Mohammed_Ayoub
-0.4507654,-12.4360075,Mohammed_Ayoub
-1.5473187,-10.640414,Mohammed_Ayoub
5.827259,1.7019004,Mohammed_Ayoub
6.5465074,1.215728,Mohammed_Ayoub
2.2657087,0.51104367,Mohammed_Ayoub
6.9438467,0.9343769,Mohammed_Ayoub
-4.640326,-7.412521,Mohammed_Ayoub
4.8947997,0.32001504,Mohammed_Ayoub
6.9363275,0.8947784,Mohammed_Ayoub
-10.886796,1.2320728,Mohammed_Ayoub
1.3293526,3.685411,Mohammed_Ayoub
-0.44883317,-12.491059,Mohammed_Ayoub
7.142563,5.279484,Mohammed_Ayoub
6.9528027,0.8966651,Mohammed_Ayoub
7.1236835,5.272305,Mohammed_Ayoub
-1.7607896,-10.529455,Mohammed_Ayoub
1.4102288,3.5983143,Mohammed_Ayoub
2.401056,0.29673317,Mohammed_Ayoub
7.357279,5.6005297,Mohammed_Ayoub
6.933049,0.97866714,Mohammed_Ayoub
6.7801065,1.0308545,Mohammed_Ayoub
-0.552415,-12.417082,Mohammed_Ayoub
-0.461665,-12.446361,Mohammed_Ayoub
8.995236,6.634144,Mohammed_Ayoub
-1.6436306,-10.653493,Mohammed_Ayoub
-0.36822692,-12.463113,Mohammed_Ayoub
1.340917,4.0317335,Mohammed_Ayoub
7.7315383,6.7417693,Mohammed_Ayoub
-0.21711339,-2.2258255,Mohammed_Ayoub
-9.085691,-4.013118,Mohammed_Ayoub
-1.7093018,-10.528141,Mohammed_Ayoub
6.948051,0.8941024,Mohammed_Ayoub
-0.329595,-12.408879,Mohammed_Ayoub
-4.5095844,-7.6555276,Mohammed_Ayoub
-4.364645,-7.6830463,Mohammed_Ayoub
-0.23840925,-12.433282,Mohammed_Ayoub
7.89794,6.2642703,Mohammed_Ayoub
-0.39270955,-12.436746,Mohammed_Ayoub
-4.3171854,-7.771756,Mohammed_Ayoub
-0.13659506,-1.8062955,Mohammed_Ayoub
-0.39168638,-12.439782,Mohammed_Ayoub
1.4712044,3.7684817,Mohammed_Ayoub
2.5163612,3.1243773,Mohammed_Ayoub
2.1142812,0.22887926,Mohammed_Ayoub
-7.8689775,0.10836375,Mohammed_Ayoub
-4.4981933,-7.7987847,Mohammed_Ayoub
-0.47555745,-1.6815479,Mohammed_Ayoub
-0.30057213,-12.40693,Mohammed_Ayoub
-0.36191428,-12.454116,Mohammed_Ayoub
7.1732483,5.306273,Mohammed_Ayoub
-1.4582546,-10.708096,Mohammed_Ayoub
-7.8409677,0.14710066,Mohammed_Ayoub
-1.7314918,-10.392225,Mohammed_Ayoub
-8.776936,-4.285165,Mohammed_Ayoub
2.0641112,2.8821008,Mohammed_Ayoub
-0.22714403,-1.8379307,Mohammed_Ayoub
7.019611,0.907035,Mohammed_Ayoub
7.864489,6.7132006,Mohammed_Ayoub
0.7550471,0.3228376,Mohammed_Ayoub
6.944932,0.953164,Mohammed_Ayoub
-0.4398955,-12.485729,Mohammed_Ayoub
4.9960203,1.9060817,Mohammed_Ayoub
7.3402505,5.9257627,Mohammed_Ayoub
-9.05181,-4.067819,Mohammed_Ayoub
-0.40133062,-12.456297,Mohammed_Ayoub
0.89361197,2.8189185,Mohammed_Ayoub
2.2957253,0.62294334,Mohammed_Ayoub
1.5131401,3.6688986,Mohammed_Ayoub
6.899011,0.97022754,Mohammed_Ayoub
-7.931984,0.3479272,Mohammed_Ayoub
6.948985,0.89292353,Mohammed_Ayoub
7.059235,0.9130501,Mohammed_Ayoub
-7.7617826,0.060608406,Mohammed_Ayoub
-0.30807996,-1.959921,Mohammed_Ayoub
-4.4080257,-8.714469,Mohammed_Ayoub
6.9488087,0.9130201,Mohammed_Ayoub
-2.8036783,-10.624265,Mohammed_Ayoub
3.3946724,0.72006756,Mohammed_Ayoub
-0.7682747,-1.6885747,Mohammed_Ayoub
6.890325,0.9178598,Mohammed_Ayoub
-8.711803,-4.2272434,Mohammed_Ayoub
-1.7429255,-10.385481,Mohammed_Ayoub
-4.56988,-7.613821,Mohammed_Ayoub
6.4271793,4.7080216,Mohammed_Ayoub
3.6446726,0.6082375,Mohammed_Ayoub
-4.4768543,-7.834418,Mohammed_Ayoub
-1.789494,-10.396655,Mohammed_Ayoub
-4.5154448,-7.6216593,Mohammed_Ayoub
-0.44845375,-1.6975955,Mohammed_Ayoub
-4.5525537,0.74662626,Mohammed_Ayoub
1.763287,3.9725473,Mohammed_Ayoub
-0.44094327,-12.434017,Mohammed_Ayoub
6.9139476,0.90351367,Mohammed_Ayoub
1.4102249,3.5193305,Mohammed_Ayoub
-9.113166,-3.9744327,Mohammed_Ayoub
-9.10244,-3.9454856,Mohammed_Ayoub
-0.38179862,-12.531169,Mohammed_Ayoub
1.2370008,3.1497495,Mohammed_Ayoub
2.044504,4.1283712,Mohammed_Ayoub
-0.37637904,-12.450935,Mohammed_Ayoub
-8.739921,-4.248858,Mohammed_Ayoub
6.990449,0.9365517,Mohammed_Ayoub
-0.113181636,-1.8457861,Mohammed_Ayoub
-0.25931886,-1.830562,Mohammed_Ayoub
-0.41553196,-1.7120719,Mohammed_Ayoub
-1.4005367,-10.739128,Mohammed_Ayoub
-8.126125,2.8387058,Mohammed_Ayoub
8.0696745,6.2356315,Mohammed_Ayoub
1.5225503,3.4912527,Mohammed_Ayoub
-1.7769654,-10.30354,Mohammed_Ayoub
-0.5944656,-12.483222,Mohammed_Ayoub
-0.4348751,-12.541022,Mohammed_Ayoub
-1.7640448,-10.143263,Mohammed_Ayoub
-0.30204368,-1.7054907,Mohammed_Ayoub
1.1959238,3.303833,Mohammed_Ayoub
-9.051508,-4.068216,Mohammed_Ayoub
-4.243885,-7.8544073,Mohammed_Ayoub
6.690112,4.3071957,Mohammed_Ayoub
-1.264423,-11.055425,Mohammed_Ayoub
-0.53995264,-12.407199,Mohammed_Ayoub
0.44361305,-5.349185,Mohammed_Ayoub
7.0682206,0.91971475,Mohammed_Ayoub
1.417423,3.311612,Mohammed_Ayoub
-4.6416035,-7.6873975,Mohammed_Ayoub
-4.2736163,-7.7615004,Mohammed_Ayoub
-1.824004,-10.268089,Mohammed_Ayoub
-0.35182247,-12.435317,Mohammed_Ayoub
-0.4985643,-12.538896,Mohammed_Ayoub
1.4679161,3.744172,Mohammed_Ayoub
6.9079757,5.202145,Mohammed_Ayoub
6.1171465,1.7357711,Mohammed_Ayoub
-0.3724123,-12.471746,Mohammed_Ayoub
1.5622643,3.7318723,Mohammed_Ayoub
2.4486525,0.405816,Mohammed_Ayoub
-8.863852,-4.2065234,Mohammed_Ayoub
6.9826174,0.9049534,Mohammed_Ayoub
-1.6294103,-10.634491,Mohammed_Ayoub
-1.6803925,-10.628554,Mohammed_Ayoub
-4.479773,-7.920121,Mohammed_Ayoub
-0.36201048,-12.488682,Mohammed_Ayoub
-0.46149233,-12.422112,Mohammed_Ayoub
1.570096,3.6401575,Mohammed_Ayoub
-1.3859384,-10.952215,Mohammed_Ayoub
-0.3380846,-1.5939511,Mohammed_Ayoub
8.26638,6.197274,Mohammed_Ayoub
-8.827131,-4.268905,Mohammed_Ayoub
-0.54780406,-1.7331305,Mohammed_Ayoub
3.8545074,0.77552414,Mohammed_Ayoub
6.9039974,5.1374354,Mohammed_Ayoub
-0.61725134,-12.44917,Mohammed_Ayoub
1.9582794,0.030497765,Mohammed_Ayoub
-4.505388,-7.7800007,Mohammed_Ayoub
-4.6087546,0.8261521,Mohammed_Ayoub
-1.4850556,-10.781428,Mohammed_Ayoub
-0.69849026,-1.6788313,Mohammed_Ayoub
3.5884356,0.64290255,Mohammed_Ayoub
-0.5560512,-1.6931223,Mohammed_Ayoub
1.0610992,3.5992904,Mohammed_Ayoub
-0.41309485,-12.431386,Mohammed_Ayoub
6.8502564,1.1485254,Mohammed_Ayoub
-4.5661483,-8.047531,Mohammed_Ayoub
6.5431004,1.1514448,Mohammed_Ayoub
-0.6656919,-1.6716319,Mohammed_Ayoub
5.8078995,1.7907803,Mohammed_Ayoub
1.565427,3.5844939,Mohammed_Ayoub
2.2068868,0.42057496,Mohammed_Ayoub
-1.6962016,-10.498235,Mohammed_Ayoub
3.6575465,0.7766523,Mohammed_Ayoub
-0.5549842,-1.6997728,Mohammed_Ayoub
-1.7241038,-10.496534,Mohammed_Ayoub
-1.6582325,-10.646707,Mohammed_Ayoub
1.5503774,0.065599725,Mohammed_Ayoub
6.848585,0.9474707,Mohammed_Ayoub
-4.3028,-7.9504385,Mohammed_Ayoub
0.40665874,-5.296294,Mohammed_Ayoub
-4.3995094,-7.979474,Mohammed_Ayoub
7.0382223,0.93989956,Mohammed_Ayoub
6.5674486,1.0356138,Mohammed_Ayoub
-1.6775309,-10.576956,Mohammed_Ayoub
-0.36659744,-12.448818,Mohammed_Ayoub
7.631435,6.0013704,Mohammed_Ayoub
-1.6961665,-10.601195,Mohammed_Ayoub
6.9162827,0.9314899,Mohammed_Ayoub
-0.29304475,-1.7848412,Mohammed_Ayoub
-0.7014569,-1.6451524,Mohammed_Ayoub
7.1098742,6.028761,Mohammed_Ayoub
0.43039414,-5.2787204,Mohammed_Ayoub
-0.26760846,-12.455414,Mohammed_Ayoub
1.3002969,3.5853953,Mohammed_Ayoub
-0.3929241,-12.387844,Mohammed_Ayoub
-0.3014158,-12.429222,Mohammed_Ayoub
1.6354731,3.5284846,Mohammed_Ayoub
7.403948,5.949948,Mohammed_Ayoub
-4.92241,-7.515514,Mohammed_Ayoub
-4.437777,-7.67775,Mohammed_Ayoub
1.6535728,2.6167045,Mohammed_Ayoub
-1.0559491,-1.8078644,Mohammed_Ayoub
-0.34163526,-12.472979,Mohammed_Ayoub
6.7959337,4.9740853,Mohammed_Ayoub
-0.32508802,-2.1838195,Mohammed_Ayoub
-0.88812315,-1.75767,Mohammed_Ayoub
-4.2512164,-7.7036757,Mohammed_Ayoub
1.0424759,3.4457824,Mohammed_Ayoub
6.855239,0.8463101,Mohammed_Ayoub
-0.44378585,-12.447516,Mohammed_Ayoub
-1.4164093,-10.879033,Mohammed_Ayoub
-0.622108,-1.6322495,Mohammed_Ayoub
0.6068676,3.88319,Mohammed_Ayoub
1.8881434,0.17533433,Mohammed_Ayoub
9.19266,6.6883426,Mohammed_Ayoub
-0.8810639,-1.7113979,Mohammed_Ayoub
-0.4122102,-12.431336,Mohammed_Ayoub
6.9434233,0.8480118,Mohammed_Ayoub
1.5188603,3.6384752,Mohammed_Ayoub
5.102707,0.47724932,Mohammed_Ayoub
2.3389559,1.5512261,Mohammed_Ayoub
2.2705832,0.06625738,Mohammed_Ayoub
-0.5642884,-1.6973636,Mohammed_Ayoub
-4.390087,-8.0261965,Mohammed_Ayoub
2.1386049,1.1822984,Mohammed_Ayoub
-0.3788656,-12.469424,Mohammed_Ayoub
2.1904907,5.632904,Mohammed_Ayoub
-4.894821,0.9323087,Mohammed_Ayoub
-0.2743798,-1.7427529,Mohammed_Ayoub
1.566893,3.4426777,Mohammed_Ayoub
-1.7358888,-10.401444,Mohammed_Ayoub
-1.5833724,-10.672163,Mohammed_Ayoub
0.43549952,-5.222122,Mohammed_Ayoub
6.886253,5.2348466,Mohammed_Ayoub
-4.874965,0.9614173,Mohammed_Ayoub
-4.4344015,-7.7428894,Mohammed_Ayoub
2.3270206,0.17832066,Mohammed_Ayoub
-1.6671667,-10.517855,Mohammed_Ayoub
6.483646,0.9444865,Mohammed_Ayoub
-4.592211,-7.8603253,Mohammed_Ayoub
6.6989717,0.95148706,Mohammed_Ayoub
-0.4655562,-12.50344,Mohammed_Ayoub
-0.5379581,-12.451019,Mohammed_Ayoub
-9.066345,-4.016142,Mohammed_Ayoub
-1.5159085,-10.7722845,Mohammed_Ayoub
6.2281995,6.947665,Mohammed_Ayoub
1.0120292,4.0683703,Mohammed_Ayoub
-4.4738574,-7.791499,Mohammed_Ayoub
6.486909,-0.6430185,Mohammed_Aluhaidan
1.3822417,-2.4016707,Mohammed_Aluhaidan
2.8125024,-6.987579,Mohammed_Aluhaidan
-6.569493,-1.1464627,Mohammed_Aluhaidan
-3.0259023,-0.17084461,Mohammed_Aluhaidan
4.856925,-0.6156513,Mohammed_Aluhaidan
2.6712272,-0.91163856,Mohammed_Aluhaidan
1.1177087,-2.8996656,Mohammed_Aluhaidan
5.003899,-0.62858975,Mohammed_Aluhaidan
-3.6271882,9.129144,Mohammed_Aluhaidan
4.899516,-0.58901036,Mohammed_Aluhaidan
1.0943907,-2.8762248,Mohammed_Aluhaidan
5.2100935,10.892425,Mohammed_Aluhaidan
1.1442872,-2.9578905,Mohammed_Aluhaidan
2.764249,-6.936964,Mohammed_Aluhaidan
5.012781,-0.4273035,Mohammed_Aluhaidan
5.687402,10.597465,Mohammed_Aluhaidan
4.232298,-4.6860886,Mohammed_Aluhaidan
4.120654,-5.2401557,Mohammed_Aluhaidan
-3.1346836,9.632422,Mohammed_Aluhaidan
-10.351113,3.3516638,Mohammed_Aluhaidan
-10.300952,3.369474,Mohammed_Aluhaidan
4.961118,-0.4287065,Mohammed_Aluhaidan
6.4785185,-0.5998232,Mohammed_Aluhaidan
4.1353755,-5.3851137,Mohammed_Aluhaidan
4.2158184,-4.7676973,Mohammed_Aluhaidan
5.6195416,10.625017,Mohammed_Aluhaidan
4.1992598,-4.853213,Mohammed_Aluhaidan
-2.7905457,9.828452,Mohammed_Aluhaidan
-6.5393043,-1.0907753,Mohammed_Aluhaidan
6.563668,-0.46776816,Mohammed_Aluhaidan
5.1876774,-0.4882187,Mohammed_Aluhaidan
4.1813135,-4.9171834,Mohammed_Aluhaidan
-5.5809503,-5.24277,Mohammed_Aluhaidan
6.488056,-0.5778379,Mohammed_Aluhaidan
-10.362578,3.321713,Mohammed_Aluhaidan
6.485141,-0.64040637,Mohammed_Aluhaidan
5.1485977,6.6922917,Mohammed_Aluhaidan
-3.0910664,9.701729,Mohammed_Aluhaidan
1.0738155,-2.9231746,Mohammed_Aluhaidan
6.5148387,-0.64559454,Mohammed_Aluhaidan
-6.6162386,-1.2018477,Mohammed_Aluhaidan
4.3317795,-4.191833,Mohammed_Aluhaidan
-7.3846884,-2.698038,Mohammed_Aluhaidan
2.8705325,-6.9676557,Mohammed_Aluhaidan
1.1684642,-2.8984954,Mohammed_Aluhaidan
6.7152467,9.795434,Mohammed_Aluhaidan
-6.6240187,-1.1839566,Mohammed_Aluhaidan
4.17602,-5.0159183,Mohammed_Aluhaidan
3.1494753,-7.159666,Mohammed_Aluhaidan
-10.611472,3.0039916,Mohammed_Aluhaidan
-6.780827,-0.9442365,Mohammed_Aluhaidan
7.012936,9.4951105,Mohammed_Aluhaidan
4.1710362,-4.9910903,Mohammed_Aluhaidan
-6.6433644,-1.2126428,Mohammed_Aluhaidan
3.2214878,-7.407582,Mohammed_Aluhaidan
-10.384629,3.3752477,Mohammed_Aluhaidan
-10.369241,3.2939816,Mohammed_Aluhaidan
-9.765092,2.8689194,Mohammed_Aluhaidan
1.0943693,-2.975202,Mohammed_Aluhaidan
1.1320294,-2.9155896,Mohammed_Aluhaidan
5.212237,10.893149,Mohammed_Aluhaidan
-6.6416097,-1.1839994,Mohammed_Aluhaidan
1.0740037,-2.903381,Mohammed_Aluhaidan
-10.37944,3.344905,Mohammed_Aluhaidan
4.1805797,-4.965706,Mohammed_Aluhaidan
4.3734202,-3.2133327,Mohammed_Aluhaidan
-6.6236124,-1.0813475,Mohammed_Aluhaidan
4.17266,-5.027605,Mohammed_Aluhaidan
2.8718886,-6.9988227,Mohammed_Aluhaidan
2.9127564,-7.021495,Mohammed_Aluhaidan
4.146623,-5.1868687,Mohammed_Aluhaidan
-5.275449,6.8440876,Mohammed_Aluhaidan
4.1827602,-4.9477406,Mohammed_Aluhaidan
4.2841344,-4.4280524,Mohammed_Aluhaidan
-4.2292366,6.722664,Mohammed_Aluhaidan
1.1020279,-2.9080915,Mohammed_Aluhaidan
1.1445433,-2.8535466,Mohammed_Aluhaidan
6.5221944,-0.42507973,Mohammed_Aluhaidan
-5.0108466,7.2789764,Mohammed_Aluhaidan
4.9918113,-0.49319878,Mohammed_Aluhaidan
2.7176147,-6.93771,Mohammed_Aluhaidan
2.8766017,-6.975267,Mohammed_Aluhaidan
-3.069012,-0.15502661,Mohammed_Aluhaidan
4.620977,-0.48814023,Mohammed_Aluhaidan
4.1429596,-5.357329,Mohammed_Aluhaidan
1.0845399,-2.929673,Mohammed_Aluhaidan
4.272602,-4.47827,Mohammed_Aluhaidan
2.6486413,-6.9263077,Mohammed_Aluhaidan
-9.54947,2.6161525,Mohammed_Aluhaidan
4.2005544,-4.8490977,Mohammed_Aluhaidan
-6.476401,-1.1531134,Mohammed_Aluhaidan
6.1261525,10.353075,Mohammed_Aluhaidan
-3.0409129,-0.22348513,Mohammed_Aluhaidan
6.8225,9.67394,Mohammed_Aluhaidan
1.1117321,-2.9580712,Mohammed_Aluhaidan
6.5003543,-0.6681581,Mohammed_Aluhaidan
6.5407333,-0.6932432,Mohammed_Aluhaidan
1.1413559,-2.9821794,Mohammed_Aluhaidan
6.4823136,-0.5221019,Mohammed_Aluhaidan
6.512673,9.990712,Mohammed_Aluhaidan
4.160487,-5.5515337,Mohammed_Aluhaidan
6.4678864,-0.5948132,Mohammed_Aluhaidan
4.9891667,-0.58665544,Mohammed_Aluhaidan
-5.5168858,6.848555,Mohammed_Aluhaidan
-2.9816449,-0.2714275,Mohammed_Aluhaidan
-3.2950633,9.447337,Mohammed_Aluhaidan
1.637689,-1.7592244,Mohammed_Aluhaidan
-3.189675,-0.10622826,Mohammed_Aluhaidan
4.18125,-4.9582615,Mohammed_Aluhaidan
2.83868,-6.942634,Mohammed_Aluhaidan
-8.053173,0.09910369,Mohammed_Aluhaidan
1.099916,-2.894758,Mohammed_Aluhaidan
5.1523614,-0.5492271,Mohammed_Aluhaidan
-2.9160898,9.68398,Mohammed_Aluhaidan
6.7638917,9.765519,Mohammed_Aluhaidan
4.249439,-4.5944347,Mohammed_Aluhaidan
4.1998377,-4.8430233,Mohammed_Aluhaidan
-6.8131623,-0.889666,Mohammed_Aluhaidan
-6.949476,-0.81013346,Mohammed_Aluhaidan
6.505967,-0.6235036,Mohammed_Aluhaidan
4.9617896,10.990103,Mohammed_Aluhaidan
4.2199836,-4.750266,Mohammed_Aluhaidan
3.0459228,-0.8162376,Mohammed_Aluhaidan
4.1428585,-5.2109475,Mohammed_Aluhaidan
2.8645372,-6.983013,Mohammed_Aluhaidan
4.933614,-0.4600828,Mohammed_Aluhaidan
6.495235,-0.58848584,Mohammed_Aluhaidan
-3.4968014,6.1823997,Mohammed_Aluhaidan
2.8565078,-7.0369706,Mohammed_Aluhaidan
-4.3501134,-6.6325827,Mohammed_Aluhaidan
6.55232,-0.6126512,Mohammed_Aluhaidan
-6.5611653,-1.1405349,Mohammed_Aluhaidan
6.289147,10.20265,Mohammed_Aluhaidan
6.47674,-0.66291887,Mohammed_Aluhaidan
-10.368277,3.4104004,Mohammed_Aluhaidan
-4.4685936,6.7882543,Mohammed_Aluhaidan
4.879392,-0.64491534,Mohammed_Aluhaidan
-6.7138834,-0.9976441,Mohammed_Aluhaidan
-3.7698572,8.280453,Mohammed_Aluhaidan
5.5969872,10.686315,Mohammed_Aluhaidan
-6.5281,-1.156222,Mohammed_Aluhaidan
1.0623153,-2.8956952,Mohammed_Aluhaidan
-3.157342,9.632172,Mohammed_Aluhaidan
4.354164,-3.9005313,Mohammed_Aluhaidan
4.99857,-0.5104179,Mohammed_Aluhaidan
-6.553968,-1.1612204,Mohammed_Aluhaidan
6.915963,9.621572,Mohammed_Aluhaidan
4.111986,-5.2900696,Mohammed_Aluhaidan
4.133878,-5.156047,Mohammed_Aluhaidan
2.912908,-6.9949193,Mohammed_Aluhaidan
6.518711,-0.6903384,Mohammed_Aluhaidan
2.9226956,-7.0251174,Mohammed_Aluhaidan
6.493682,-0.591106,Mohammed_Aluhaidan
-3.5976524,9.302371,Mohammed_Aluhaidan
-10.400258,3.529679,Mohammed_Aluhaidan
6.072025,10.283288,Mohammed_Aluhaidan
-3.6600668,9.310804,Mohammed_Aluhaidan
4.194273,-4.8627405,Mohammed_Aluhaidan
-3.0812306,-0.15538329,Mohammed_Aluhaidan
6.4429274,9.981046,Mohammed_Aluhaidan
-3.7895503,9.01979,Mohammed_Aluhaidan
-3.1624575,9.639904,Mohammed_Aluhaidan
4.2017007,-4.8410974,Mohammed_Aluhaidan
-6.585905,-1.1232357,Mohammed_Aluhaidan
4.7525196,-0.41544178,Mohammed_Aluhaidan
6.6139326,9.964429,Mohammed_Aluhaidan
6.285229,-0.46614456,Mohammed_Aluhaidan
-6.5640154,-1.1718097,Mohammed_Aluhaidan
-3.1742988,-0.10983628,Mohammed_Aluhaidan
-10.119034,3.1078904,Mohammed_Aluhaidan
4.120434,-5.2584124,Mohammed_Aluhaidan
4.24348,-4.6344285,Mohammed_Aluhaidan
4.212848,-4.7861753,Mohammed_Aluhaidan
2.8798192,-7.0055604,Mohammed_Aluhaidan
3.1908789,-7.221687,Mohammed_Aluhaidan
-2.9465868,9.701748,Mohammed_Aluhaidan
6.48609,-0.63244337,Mohammed_Aluhaidan
-6.4263315,-1.2165349,Mohammed_Aluhaidan
-4.942216,7.633078,Mohammed_Aluhaidan
5.160274,-0.55112237,Mohammed_Aluhaidan
1.1460822,-2.8882272,Mohammed_Aluhaidan
-10.280469,3.3133028,Mohammed_Aluhaidan
6.646776,9.850706,Mohammed_Aluhaidan
5.855596,10.413553,Mohammed_Aluhaidan
4.18858,-4.9165874,Mohammed_Aluhaidan
3.49559,1.5777432,Mohammed_Aluhaidan
-8.221383,0.28457686,Mohammed_Aluhaidan
-10.380553,3.3322372,Mohammed_Aluhaidan
-3.173502,9.49464,Mohammed_Aluhaidan
-3.0438833,-0.19570409,Mohammed_Aluhaidan
-6.656059,-1.0682455,Mohammed_Aluhaidan
9.09814,7.278625,Mohammed_Aluhaidan
5.178164,-0.5098885,Mohammed_Aluhaidan
5.047654,-0.53913295,Mohammed_Aluhaidan
2.7740417,-6.9692607,Mohammed_Aluhaidan
4.812656,-0.567314,Mohammed_Aluhaidan
-2.962246,9.613072,Mohammed_Aluhaidan
4.245888,-4.622353,Mohammed_Aluhaidan
4.1277857,-5.443625,Mohammed_Aluhaidan
-6.5464587,-1.1363503,Mohammed_Aluhaidan
-7.7651634,3.4390411,Mohammed_Aluhaidan
5.4689403,10.776875,Mohammed_Aluhaidan
1.3212816,8.042525,Mohammed_Aluhaidan
4.1817746,-4.9477973,Mohammed_Aluhaidan
1.1387011,-3.037924,Mohammed_Aluhaidan
2.8516552,-6.9654555,Mohammed_Aluhaidan
4.252928,-4.592923,Mohammed_Aluhaidan
4.169369,-5.0681195,Mohammed_Aluhaidan
2.4316375,-1.05735,Mohammed_Aluhaidan
4.1592207,-5.2107654,Mohammed_Aluhaidan
2.9191,-7.0072894,Mohammed_Aluhaidan
2.7662325,-6.9536586,Mohammed_Aluhaidan
5.9419694,10.548873,Mohammed_Aluhaidan
6.5098014,-0.66367257,Mohammed_Aluhaidan
4.1561704,-5.3707194,Mohammed_Aluhaidan
2.8639426,-6.976027,Mohammed_Aluhaidan
5.91307,10.402981,Mohammed_Aluhaidan
2.6540773,-6.8912063,Mohammed_Aluhaidan
3.0811908,-7.104835,Mohammed_Aluhaidan
3.040202,-7.072073,Mohammed_Aluhaidan
4.2171593,-4.768076,Mohammed_Aluhaidan
-6.5295687,-1.1521499,Mohammed_Aluhaidan
2.2534466,-6.850736,Mohammed_Aluhaidan
-6.578687,-1.1473432,Mohammed_Aluhaidan
2.9126785,-6.986784,Mohammed_Aluhaidan
-10.335908,3.2812724,Mohammed_Aluhaidan
6.510475,-0.60549444,Mohammed_Aluhaidan
6.50267,-0.64656353,Mohammed_Aluhaidan
4.1529408,-5.144589,Mohammed_Aluhaidan
1.087242,-2.939231,Mohammed_Aluhaidan
4.1868463,-4.919446,Mohammed_Aluhaidan
4.40031,-3.2233162,Mohammed_Aluhaidan
-4.870001,7.702725,Mohammed_Aluhaidan
4.969412,-0.5381529,Mohammed_Aluhaidan
1.0990858,-2.9432142,Mohammed_Aluhaidan
1.0521654,-2.9173524,Mohammed_Aluhaidan
-6.5553,-1.1012986,Mohammed_Aluhaidan
2.7570632,-6.93684,Mohammed_Aluhaidan
-3.9048166,8.079128,Mohammed_Aluhaidan
-6.6227684,-1.0745898,Mohammed_Aluhaidan
4.155913,-5.166072,Mohammed_Aluhaidan
6.4803123,-0.58595717,Mohammed_Aluhaidan
4.2555804,-4.573924,Mohammed_Aluhaidan
2.6298468,-6.927081,Mohammed_Aluhaidan
3.141312,-7.1415534,Mohammed_Aluhaidan
-6.5084987,-1.1507999,Mohammed_Aluhaidan
1.1608424,-2.7896738,Mohammed_Aluhaidan
1.107546,-2.9165697,Mohammed_Aluhaidan
4.9353013,-0.60528916,Mohammed_Aluhaidan
1.1137608,-2.945342,Mohammed_Aluhaidan
6.6084876,9.872667,Mohammed_Aluhaidan
-2.6025374,9.707455,Mohammed_Aluhaidan
6.5180836,-0.61639124,Mohammed_Aluhaidan
1.483755,-3.2460294,Mohammed_Aluhaidan
6.497608,-0.66182625,Mohammed_Aluhaidan
6.501432,-0.61402684,Mohammed_Aluhaidan
4.9485426,-0.5197686,Mohammed_Aluhaidan
-6.578876,-1.112852,Mohammed_Aluhaidan
1.0623453,-2.9510157,Mohammed_Aluhaidan
6.42439,10.114566,Mohammed_Aluhaidan
4.143449,-5.060233,Mohammed_Aluhaidan
-8.398042,2.418934,Mohammed_Aluhaidan
2.9240644,-6.9823976,Mohammed_Aluhaidan
2.984889,-6.995758,Mohammed_Aluhaidan
9.625994,6.5321536,Mohammed_Aluhaidan
2.2208579,-2.423386,Mohammed_Aluhaidan
8.681855,7.8098984,Mohammed_Aluhaidan
-2.4667466,9.7474165,Mohammed_Aluhaidan
-2.9488964,9.755513,Mohammed_Aluhaidan
-6.5262213,-1.1387315,Mohammed_Aluhaidan
6.485548,-0.62773216,Mohammed_Aluhaidan
-3.7775936,8.242914,Mohammed_Aluhaidan
6.481425,-0.6809007,Mohammed_Aluhaidan
4.1165986,-5.2505145,Mohammed_Aluhaidan
-4.729228,8.669291,Mohammed_Aluhaidan
-6.612206,-1.0922182,Mohammed_Aluhaidan
6.5005355,-0.63884467,Mohammed_Aluhaidan
4.984948,-0.53326434,Mohammed_Aluhaidan
6.602408,9.923661,Mohammed_Aluhaidan
-3.613892,8.389911,Mohammed_Aluhaidan
2.862567,-7.0007267,Mohammed_Aluhaidan
-10.333648,3.3121214,Mohammed_Aluhaidan
4.131091,-5.160386,Mohammed_Aluhaidan
-3.0507982,9.602953,Mohammed_Aluhaidan
1.0568974,-2.9162557,Mohammed_Aluhaidan
-10.229268,3.7719805,Mohammed_Aluhaidan
4.2004647,-4.850048,Mohammed_Aluhaidan
5.1135664,-0.5403883,Mohammed_Aluhaidan
-8.172897,0.2599344,Mohammed_Aluhaidan
5.1659646,-0.5456805,Mohammed_Aluhaidan
7.667066,2.0708256,Mohammed_Aluhaidan
5.3280864,10.927487,Mohammed_Aluhaidan
5.721623,9.5717945,Mohammed_Aluhaidan
2.7157567,-6.9480386,Mohammed_Aluhaidan
-6.5505924,-1.1794878,Mohammed_Aluhaidan
-6.5666194,-1.0962908,Mohammed_Aluhaidan
6.0752254,10.308385,Mohammed_Aluhaidan
4.1623416,-5.00331,Mohammed_Aluhaidan
-3.503602,9.333267,Mohammed_Aluhaidan
4.256187,-4.5798216,Mohammed_Aluhaidan
2.339621,-1.1880237,Mohammed_Aluhaidan
4.258853,-4.5776215,Mohammed_Aluhaidan
1.0838097,-2.8906376,Mohammed_Aluhaidan
6.536243,-0.58032775,Mohammed_Aluhaidan
2.2377272,-6.825484,Mohammed_Aluhaidan
-3.1808205,-0.12466318,Mohammed_Aluhaidan
-3.601651,8.222567,Mohammed_Aluhaidan
-3.7549586,6.5615106,Mohammed_Aluhaidan
-3.1103296,-0.17424148,Mohammed_Aluhaidan
6.5131826,-0.6424881,Mohammed_Aluhaidan
6.4993696,-0.59208655,Mohammed_Aluhaidan
1.1029598,-2.868197,Mohammed_Aluhaidan
1.1019495,-2.9662726,Mohammed_Aluhaidan
-2.6705616,9.681736,Mohammed_Aluhaidan
2.7903914,-6.9280696,Mohammed_Aluhaidan
4.1136694,-5.3182282,Mohammed_Aluhaidan
1.2120223,-3.0310643,Mohammed_Aluhaidan
5.0005956,-0.5582676,Mohammed_Aluhaidan
4.1454096,-5.27684,Mohammed_Aluhaidan
5.0852866,-0.5790364,Mohammed_Aluhaidan
2.8910599,-6.972344,Mohammed_Aluhaidan
-6.559246,-1.1629419,Mohammed_Aluhaidan
4.3167624,-4.2853203,Mohammed_Aluhaidan
6.4954524,-0.6545874,Mohammed_Aluhaidan
1.128302,-2.8478456,Mohammed_Aluhaidan
5.6316557,10.715023,Mohammed_Aluhaidan
2.9033177,-7.014725,Mohammed_Aluhaidan
5.054927,-0.5480845,Mohammed_Aluhaidan
5.77927,10.326727,Mohammed_Aluhaidan
4.1573973,-5.503677,Mohammed_Aluhaidan
-5.0730476,7.409177,Mohammed_Aluhaidan
4.1887875,-4.9118533,Mohammed_Aluhaidan
-3.1686087,-0.14906003,Mohammed_Aluhaidan
-6.6237597,-1.0863819,Mohammed_Aluhaidan
1.7558914,-2.1823485,Mohammed_Aluhaidan
-6.531664,-1.1625867,Mohammed_Aluhaidan
5.2025423,-0.46193564,Mohammed_Aluhaidan
5.8201556,10.445599,Mohammed_Aluhaidan
2.6119018,-0.84341,Mohammed_Aluhaidan
6.4995484,-0.58628225,Mohammed_Aluhaidan
4.368811,-3.8750193,Mohammed_Aluhaidan
6.507022,-0.65300095,Mohammed_Aluhaidan
-5.0381713,7.0539036,Mohammed_Aluhaidan
-3.0235155,9.590099,Mohammed_Aluhaidan
5.1000566,-0.5604615,Mohammed_Aluhaidan
-9.954518,3.0910091,Mohammed_Aluhaidan
6.006697,10.319938,Mohammed_Aluhaidan
-6.4727316,-1.1947466,Mohammed_Aluhaidan
1.0981433,-2.898928,Mohammed_Aluhaidan
7.776507,2.2673604,Mohammed_Aluhaidan
4.1563873,-5.128185,Mohammed_Aluhaidan
6.4879675,-0.62871933,Mohammed_Aluhaidan
-6.6518526,-1.0547578,Mohammed_Aluhaidan
-3.3673744,0.05632972,Mohammed_Aluhaidan
1.1293725,-2.8915086,Mohammed_Aluhaidan
2.8634098,-0.84628814,Mohammed_Aluhaidan
-3.2020054,-0.059635457,Mohammed_Aluhaidan
-3.3219795,0.015335041,Mohammed_Aluhaidan
1.1415039,-2.7824917,Mohammed_Aluhaidan
4.1931734,-4.884905,Mohammed_Aluhaidan
2.6209,-6.9524565,Mohammed_Aluhaidan
2.5880115,-6.8893647,Mohammed_Aluhaidan
-3.005651,-0.25282544,Mohammed_Aluhaidan
1.1263225,-2.9570408,Mohammed_Aluhaidan
-5.3702097,7.1601443,Mohammed_Aluhaidan
6.5145926,-0.66246784,Mohammed_Aluhaidan
3.1272542,-7.0908365,Mohammed_Aluhaidan
-6.5693574,-1.0958086,Mohammed_Aluhaidan
6.4879117,-0.6507315,Mohammed_Aluhaidan
1.1188283,-2.8665257,Mohammed_Aluhaidan
-10.388846,3.3702793,Mohammed_Aluhaidan
7.5245724,1.9840938,Mohammed_Aluhaidan
-3.2417815,-0.085127965,Mohammed_Aluhaidan
5.011744,-0.572921,Mohammed_Aluhaidan
-4.8020864,8.357834,Mohammed_Aluhaidan
-2.8002663,9.854317,Mohammed_Aluhaidan
4.1692667,-5.1334543,Mohammed_Aluhaidan
6.5769453,-0.4081811,Mohammed_Aluhaidan
-9.819024,2.9354835,Mohammed_Aluhaidan
2.9627116,-7.1046634,Mohammed_Aluhaidan
-6.560421,-1.1341012,Mohammed_Aluhaidan
2.7929375,-6.9317813,Mohammed_Aluhaidan
-3.26775,-0.018450478,Mohammed_Aluhaidan
-6.584696,-1.0783666,Mohammed_Aluhaidan
6.5823617,9.923827,Mohammed_Aluhaidan
2.5707529,-6.8922567,Mohammed_Aluhaidan
6.4898996,-0.5814376,Mohammed_Aluhaidan
4.124604,-5.408848,Mohammed_Aluhaidan
6.1089797,10.301231,Mohammed_Aluhaidan
6.5141664,-0.6030457,Mohammed_Aluhaidan
-3.9586532,3.2706835,Mohammed_Aluhaidan
4.2217817,-4.7422214,Mohammed_Aluhaidan
-4.0059576,7.880731,Mohammed_Aluhaidan
6.415283,10.055224,Mohammed_Aluhaidan
-6.5258646,-1.154117,Mohammed_Aluhaidan
4.9139166,-0.6314061,Mohammed_Aluhaidan
6.3633227,10.103335,Mohammed_Aluhaidan
6.1401653,10.303185,Mohammed_Aluhaidan
1.1405137,-2.8943276,Mohammed_Aluhaidan
2.8651834,-0.8600685,Mohammed_Aluhaidan
1.1279317,-2.8141186,Mohammed_Aluhaidan
-10.401014,3.460648,Mohammed_Aluhaidan
6.472311,-0.622743,Mohammed_Aluhaidan
4.211133,-4.7972107,Mohammed_Aluhaidan
-6.6741934,-1.2500672,Mohammed_Aluhaidan
-6.5481496,-1.1385336,Mohammed_Aluhaidan
1.1108549,-2.9028425,Mohammed_Aluhaidan
2.524384,-1.0242968,Mohammed_Aluhaidan
-10.365517,3.3768032,Mohammed_Aluhaidan
6.0405335,10.530006,Mohammed_Aluhaidan
-3.723286,8.264405,Mohammed_Aluhaidan
4.144373,-5.455243,Mohammed_Aluhaidan
-6.5475183,-1.1545706,Mohammed_Aluhaidan
-3.1238039,-0.20200267,Mohammed_Aluhaidan
5.028492,-0.6185194,Mohammed_Aluhaidan
-2.927406,-0.29474342,Mohammed_Aluhaidan
-10.37736,3.2683904,Mohammed_Aluhaidan
-3.3291924,0.04151287,Mohammed_Aluhaidan
-4.57399,7.302121,Mohammed_Aluhaidan
5.3238626,10.872938,Mohammed_Aluhaidan
6.5022945,-0.64458144,Mohammed_Aluhaidan
-6.64442,-1.081629,Mohammed_Aluhaidan
1.1060283,-2.9118996,Mohammed_Aluhaidan
-3.950853,6.503728,Mohammed_Aluhaidan
4.1582217,-5.1557546,Mohammed_Aluhaidan
1.0785658,-2.8586867,Mohammed_Aluhaidan
6.335057,10.114785,Mohammed_Aluhaidan
1.0706859,-2.8820438,Mohammed_Aluhaidan
4.1644855,-5.0667834,Mohammed_Aluhaidan
-6.5785675,-1.1372803,Mohammed_Aluhaidan
4.7786913,-0.41307253,Mohammed_Aluhaidan
1.0936974,-2.9086835,Mohammed_Aluhaidan
5.1498513,-0.49021235,Mohammed_Aluhaidan
-4.975022,7.8862567,Mohammed_Aluhaidan
1.2702456,-2.6690006,Mohammed_Aluhaidan
4.1791377,-4.945982,Mohammed_Aluhaidan
6.366811,10.091734,Mohammed_Aluhaidan
1.845654,-2.286585,Mohammed_Aluhaidan
1.1848406,-2.7706006,Mohammed_Aluhaidan
-4.730634,8.477374,Mohammed_Aluhaidan
1.1355239,-2.9986525,Mohammed_Aluhaidan
4.39181,-3.7654152,Mohammed_Aluhaidan
7.541089,2.0639954,Mohammed_Aluhaidan
6.5313983,-0.6807718,Mohammed_Aluhaidan
2.708706,-6.9179935,Mohammed_Aluhaidan
-8.237713,0.26356533,Mohammed_Aluhaidan
6.086476,10.305059,Mohammed_Aluhaidan
6.4939146,-0.5926936,Mohammed_Aluhaidan
6.9444547,9.608557,Mohammed_Aluhaidan
6.4955616,-0.66696364,Mohammed_Aluhaidan
4.1324472,-5.2317586,Mohammed_Aluhaidan
4.2166724,-4.7842345,Mohammed_Aluhaidan
3.0328228,-7.0760202,Mohammed_Aluhaidan
7.994362,2.276404,Mohammed_Aluhaidan
-5.927273,-7.0357933,Mohammed_Aluhaidan
-11.532191,-3.0938993,Yasser_Aldossary
-4.287757,-3.0544875,Yasser_Aldossary
-4.9101014,-2.6474006,Yasser_Aldossary
8.176894,3.9359634,Yasser_Aldossary
8.099776,3.8776317,Yasser_Aldossary
8.118291,3.9077845,Yasser_Aldossary
-4.4972615,-2.9139197,Yasser_Aldossary
-10.787994,-4.132208,Yasser_Aldossary
0.6223319,-5.9982133,Yasser_Aldossary
0.6128167,-6.037211,Yasser_Aldossary
8.579123,6.438169,Yasser_Aldossary
9.265174,-4.1873884,Yasser_Aldossary
-2.430988,4.474501,Yasser_Aldossary
9.157311,6.4581003,Yasser_Aldossary
8.188771,4.0297894,Yasser_Aldossary
-2.706864,5.4343586,Yasser_Aldossary
-4.6326385,-2.8179777,Yasser_Aldossary
-2.3653088,4.6567373,Yasser_Aldossary
5.4212008,3.8783078,Yasser_Aldossary
-10.9869175,-3.9643326,Yasser_Aldossary
8.062229,3.9790719,Yasser_Aldossary
0.6261919,-6.0084677,Yasser_Aldossary
3.0215445,3.5739546,Yasser_Aldossary
0.6110898,-6.0014243,Yasser_Aldossary
6.0944552,5.9909763,Yasser_Aldossary
8.075765,3.930991,Yasser_Aldossary
8.885837,-4.525035,Yasser_Aldossary
-4.720464,-2.7082148,Yasser_Aldossary
-11.186709,-4.2458177,Yasser_Aldossary
-5.207564,-2.52215,Yasser_Aldossary
0.39948598,3.9010744,Yasser_Aldossary
9.069647,-4.3407145,Yasser_Aldossary
-10.422013,-1.9023538,Yasser_Aldossary
-4.7169065,-2.764429,Yasser_Aldossary
-5.244128,-2.4230456,Yasser_Aldossary
8.12225,3.9039295,Yasser_Aldossary
-4.92479,-2.6372426,Yasser_Aldossary
-4.8940887,-2.6591997,Yasser_Aldossary
-11.270733,-4.090739,Yasser_Aldossary
-5.42623,4.8537664,Yasser_Aldossary
8.1219425,3.8977094,Yasser_Aldossary
-4.747642,-2.748302,Yasser_Aldossary
-5.8503027,5.0878906,Yasser_Aldossary
-10.113309,-4.3614607,Yasser_Aldossary
9.313012,-4.1824994,Yasser_Aldossary
-11.121381,-4.3517404,Yasser_Aldossary
-10.367714,-4.2571254,Yasser_Aldossary
-10.965749,-4.400503,Yasser_Aldossary
-3.0663524,4.377872,Yasser_Aldossary
8.095069,3.8411138,Yasser_Aldossary
-2.4038076,5.2894783,Yasser_Aldossary
-11.52,-3.0975733,Yasser_Aldossary
-4.450815,-2.9380276,Yasser_Aldossary
6.690956,6.2439184,Yasser_Aldossary
9.084066,-4.342472,Yasser_Aldossary
4.438416,1.3133029,Yasser_Aldossary
-4.2165585,-3.0916457,Yasser_Aldossary
9.487495,-4.0444775,Yasser_Aldossary
5.9305286,5.7123547,Yasser_Aldossary
-11.213935,-4.1192036,Yasser_Aldossary
9.005278,-4.41894,Yasser_Aldossary
-11.421966,-3.6863186,Yasser_Aldossary
9.068327,-4.3659735,Yasser_Aldossary
8.129767,6.448525,Yasser_Aldossary
8.881114,-4.5408206,Yasser_Aldossary
-11.108,-4.1920657,Yasser_Aldossary
3.864365,1.1750171,Yasser_Aldossary
-5.992022,5.028468,Yasser_Aldossary
-3.2667685,4.257757,Yasser_Aldossary
0.6086638,-6.0332847,Yasser_Aldossary
9.019527,-4.3893337,Yasser_Aldossary
7.199337,3.8934166,Yasser_Aldossary
-3.1183953,4.3336954,Yasser_Aldossary
3.7205942,1.4319774,Yasser_Aldossary
6.712454,0.33729264,Yasser_Aldossary
4.040354,1.6770842,Yasser_Aldossary
9.067347,-4.3472557,Yasser_Aldossary
9.111129,-4.3254094,Yasser_Aldossary
9.039405,-4.3901253,Yasser_Aldossary
-11.683467,-2.954791,Yasser_Aldossary
8.7909,-4.653875,Yasser_Aldossary
9.302311,-4.144076,Yasser_Aldossary
0.5962785,-6.023989,Yasser_Aldossary
-4.682202,-2.7868657,Yasser_Aldossary
8.864388,-4.5434747,Yasser_Aldossary
4.470373,1.4172624,Yasser_Aldossary
9.222486,-4.2116623,Yasser_Aldossary
9.272266,-4.1913857,Yasser_Aldossary
-4.560227,-2.8708506,Yasser_Aldossary
-2.3194788,4.7533417,Yasser_Aldossary
0.6233908,-5.9635234,Yasser_Aldossary
-11.397298,-3.8383641,Yasser_Aldossary
-4.82899,-2.6938303,Yasser_Aldossary
-11.457526,-3.5900564,Yasser_Aldossary
7.9569845,3.9191442,Yasser_Aldossary
0.5885722,-6.0344105,Yasser_Aldossary
-11.123879,-4.175207,Yasser_Aldossary
-2.4544888,4.650352,Yasser_Aldossary
0.618519,-6.00839,Yasser_Aldossary
-2.4779189,4.782573,Yasser_Aldossary
9.506538,6.5293818,Yasser_Aldossary
-11.490618,-3.5727932,Yasser_Aldossary
-4.8314342,-2.692523,Yasser_Aldossary
-4.673428,-2.77578,Yasser_Aldossary
-4.150516,-3.1517768,Yasser_Aldossary
9.071573,-4.329936,Yasser_Aldossary
3.7599125,1.5127456,Yasser_Aldossary
7.4119086,5.774663,Yasser_Aldossary
0.6246496,-6.0411754,Yasser_Aldossary
-4.574808,-2.8487768,Yasser_Aldossary
0.5853519,-6.029763,Yasser_Aldossary
7.313617,6.0253673,Yasser_Aldossary
-2.5513039,4.743916,Yasser_Aldossary
9.316421,-4.118263,Yasser_Aldossary
-10.582377,-4.2306533,Yasser_Aldossary
-11.375006,-3.6786842,Yasser_Aldossary
0.62515116,-6.00135,Yasser_Aldossary
9.643657,-3.9095,Yasser_Aldossary
8.029523,4.249314,Yasser_Aldossary
-11.166946,-4.1974854,Yasser_Aldossary
-4.7779245,-2.7212775,Yasser_Aldossary
-3.1771715,4.2987885,Yasser_Aldossary
-10.933722,-4.36357,Yasser_Aldossary
2.885619,2.7331376,Yasser_Aldossary
-3.1501124,4.366191,Yasser_Aldossary
-4.6058693,-2.8361232,Yasser_Aldossary
-2.5899653,4.707795,Yasser_Aldossary
6.642539,0.3049783,Yasser_Aldossary
-11.125364,-3.2305756,Yasser_Aldossary
0.61641663,-6.004822,Yasser_Aldossary
8.110869,3.8153431,Yasser_Aldossary
0.57152563,-5.9780397,Yasser_Aldossary
9.093807,-4.324282,Yasser_Aldossary
3.7261055,1.4191734,Yasser_Aldossary
-4.389117,-2.9806502,Yasser_Aldossary
-5.2152305,-2.4527931,Yasser_Aldossary
0.59319,-6.056065,Yasser_Aldossary
9.274776,-4.1596456,Yasser_Aldossary
8.269362,6.4720817,Yasser_Aldossary
0.6240091,-6.0017867,Yasser_Aldossary
8.74031,-4.7231927,Yasser_Aldossary
8.879479,-4.545034,Yasser_Aldossary
-4.248959,-3.0766184,Yasser_Aldossary
4.2368355,1.561661,Yasser_Aldossary
-11.396014,-3.7920067,Yasser_Aldossary
8.014396,3.9028652,Yasser_Aldossary
9.251522,-4.176973,Yasser_Aldossary
-11.0512905,-4.461988,Yasser_Aldossary
-4.412221,-2.9738824,Yasser_Aldossary
0.6073912,-5.953057,Yasser_Aldossary
-5.6104913,4.8810606,Yasser_Aldossary
-2.312986,5.643105,Yasser_Aldossary
-11.0548725,-4.4015913,Yasser_Aldossary
-11.351844,-3.9297767,Yasser_Aldossary
-6.1419196,5.0158076,Yasser_Aldossary
-4.3431797,-3.0198793,Yasser_Aldossary
-3.1431,4.344549,Yasser_Aldossary
-4.487683,-2.9187064,Yasser_Aldossary
7.881221,3.3123982,Yasser_Aldossary
4.951368,0.8313386,Yasser_Aldossary
8.833031,-4.5895133,Yasser_Aldossary
-11.169014,-3.9412067,Yasser_Aldossary
1.2003566,0.31746668,Yasser_Aldossary
9.360562,-4.0600348,Yasser_Aldossary
9.008944,-4.406788,Yasser_Aldossary
-4.359662,-3.0005658,Yasser_Aldossary
4.1529107,1.5269562,Yasser_Aldossary
9.279697,6.544932,Yasser_Aldossary
0.6003898,-6.011827,Yasser_Aldossary
-4.4753265,-2.9234478,Yasser_Aldossary
9.100258,-4.3210053,Yasser_Aldossary
-4.342476,-3.0206997,Yasser_Aldossary
0.61661464,-5.9982834,Yasser_Aldossary
8.035069,3.7680347,Yasser_Aldossary
7.3984547,6.128144,Yasser_Aldossary
7.468752,6.137126,Yasser_Aldossary
-11.134171,-4.321072,Yasser_Aldossary
3.3955097,1.245848,Yasser_Aldossary
8.034733,3.9291012,Yasser_Aldossary
6.9640665,6.3696046,Yasser_Aldossary
8.976293,6.493432,Yasser_Aldossary
-4.57604,-2.8605795,Yasser_Aldossary
-1.5444232,5.9358473,Yasser_Aldossary
-4.8588896,-2.6733239,Yasser_Aldossary
9.638472,-3.8500025,Yasser_Aldossary
9.312035,6.5772676,Yasser_Aldossary
8.035231,3.8901489,Yasser_Aldossary
-10.858632,-4.5469594,Yasser_Aldossary
0.5519182,-5.993686,Yasser_Aldossary
-11.54884,-3.1920033,Yasser_Aldossary
9.465549,-4.0702705,Yasser_Aldossary
0.59704095,-6.047619,Yasser_Aldossary
7.160676,6.2785964,Yasser_Aldossary
8.112978,3.909448,Yasser_Aldossary
-11.208224,-4.23546,Yasser_Aldossary
0.6222909,-6.005246,Yasser_Aldossary
-4.4217577,-2.9654467,Yasser_Aldossary
8.118539,3.9122438,Yasser_Aldossary
-10.962492,-4.52614,Yasser_Aldossary
9.357003,-4.0855875,Yasser_Aldossary
-4.194986,-3.1160598,Yasser_Aldossary
-4.651552,-2.8036497,Yasser_Aldossary
8.070521,3.879648,Yasser_Aldossary
8.265209,6.37088,Yasser_Aldossary
8.847732,-4.551111,Yasser_Aldossary
-4.3116994,-3.0370545,Yasser_Aldossary
-2.3901973,4.77297,Yasser_Aldossary
-9.934084,-4.2816305,Yasser_Aldossary
6.4770727,6.990342,Yasser_Aldossary
7.3018246,6.0985193,Yasser_Aldossary
3.9630864,1.6264248,Yasser_Aldossary
8.133082,3.8849792,Yasser_Aldossary
0.62068695,-6.0004187,Yasser_Aldossary
-2.225378,5.06155,Yasser_Aldossary
-10.8743105,-4.6368694,Yasser_Aldossary
8.076962,6.324943,Yasser_Aldossary
9.006627,-4.4273205,Yasser_Aldossary
8.087092,3.9024608,Yasser_Aldossary
0.61711204,-5.9931035,Yasser_Aldossary
8.121658,3.8783114,Yasser_Aldossary
3.8848574,4.4695497,Yasser_Aldossary
9.194201,-4.2513847,Yasser_Aldossary
8.403601,6.018591,Yasser_Aldossary
0.6142708,-6.0216084,Yasser_Aldossary
-11.354093,-3.6455219,Yasser_Aldossary
-11.463427,-2.9752624,Yasser_Aldossary
9.092706,-4.3237057,Yasser_Aldossary
-4.4591365,-2.937801,Yasser_Aldossary
9.310403,-4.121108,Yasser_Aldossary
-2.4359548,4.5385604,Yasser_Aldossary
-4.4763074,-2.9268506,Yasser_Aldossary
-3.0412893,3.9994962,Yasser_Aldossary
-4.205604,-3.0978856,Yasser_Aldossary
7.46289,6.174469,Yasser_Aldossary
-10.477122,-4.365142,Yasser_Aldossary
8.13011,3.9390273,Yasser_Aldossary
-4.5440307,-2.8806214,Yasser_Aldossary
0.6048187,-6.087271,Yasser_Aldossary
-4.407982,-2.9737568,Yasser_Aldossary
8.124934,3.9220703,Yasser_Aldossary
8.125373,3.8847895,Yasser_Aldossary
-2.6660523,6.2251077,Yasser_Aldossary
8.703081,6.506831,Yasser_Aldossary
0.5939701,-6.0249605,Yasser_Aldossary
8.017154,3.9111197,Yasser_Aldossary
4.4775567,1.4124582,Yasser_Aldossary
8.2321,6.4624033,Yasser_Aldossary
-1.5662111,5.979627,Yasser_Aldossary
0.62204665,-6.029184,Yasser_Aldossary
7.3652143,6.1248636,Yasser_Aldossary
8.142871,3.9268763,Yasser_Aldossary
8.03965,3.8559747,Yasser_Aldossary
8.085571,3.9533556,Yasser_Aldossary
-11.014872,-4.2268305,Yasser_Aldossary
9.105552,6.4990063,Yasser_Aldossary
-2.674298,4.5295258,Yasser_Aldossary
8.1418,3.916608,Yasser_Aldossary
-11.3036175,-4.076655,Yasser_Aldossary
7.149114,5.006792,Yasser_Aldossary
7.445652,6.1882815,Yasser_Aldossary
-4.429655,-2.9605033,Yasser_Aldossary
-4.2741113,-3.062066,Yasser_Aldossary
9.309251,-4.123414,Yasser_Aldossary
-5.0057,-2.5951312,Yasser_Aldossary
-11.652206,0.568237,Yasser_Aldossary
2.852494,3.0586114,Yasser_Aldossary
9.357757,6.5814114,Yasser_Aldossary
8.790886,-4.636735,Yasser_Aldossary
8.0858965,3.9747875,Yasser_Aldossary
-10.726663,-4.2112885,Yasser_Aldossary
8.102565,6.423009,Yasser_Aldossary
-1.8883401,5.999565,Yasser_Aldossary
0.61999685,-6.033459,Yasser_Aldossary
-4.689269,-2.7820134,Yasser_Aldossary
-10.990246,-4.589409,Yasser_Aldossary
3.7727582,1.5449239,Yasser_Aldossary
9.33473,6.5384736,Yasser_Aldossary
0.5859383,-5.9865117,Yasser_Aldossary
-4.6661954,-2.8024,Yasser_Aldossary
0.58372086,3.9894483,Yasser_Aldossary
-4.6181316,-2.8270552,Yasser_Aldossary
-10.51546,-4.334841,Yasser_Aldossary
-11.515508,-3.0461621,Yasser_Aldossary
-4.4678593,-2.9217353,Yasser_Aldossary
8.15254,3.960296,Yasser_Aldossary
-11.61115,-3.2194574,Yasser_Aldossary
9.355619,-4.1244383,Yasser_Aldossary
9.173057,-4.249555,Yasser_Aldossary
-5.0106406,-2.5907595,Yasser_Aldossary
9.408273,6.5528336,Yasser_Aldossary
8.812982,-4.6118236,Yasser_Aldossary
-3.0082715,4.458345,Yasser_Aldossary
8.190909,6.376883,Yasser_Aldossary
9.395645,-4.0711617,Yasser_Aldossary
0.60448414,-6.025654,Yasser_Aldossary
-10.557303,-4.1761336,Yasser_Aldossary
8.910857,-4.5245395,Yasser_Aldossary
4.844981,1.4591492,Yasser_Aldossary
-11.205134,-4.2397265,Yasser_Aldossary
-4.4767613,-2.9286702,Yasser_Aldossary
4.6859465,1.789706,Yasser_Aldossary
-4.32451,-3.0269818,Yasser_Aldossary
3.7347028,1.231181,Yasser_Aldossary
-11.304114,-4.1045756,Yasser_Aldossary
-2.8942013,3.8563538,Yasser_Aldossary
-10.17617,-4.454079,Yasser_Aldossary
8.95289,6.480342,Yasser_Aldossary
5.155269,1.6651492,Yasser_Aldossary
8.848304,-4.5726194,Yasser_Aldossary
9.376571,-4.123135,Yasser_Aldossary
-3.1270719,4.3425703,Yasser_Aldossary
-11.56147,-3.242589,Yasser_Aldossary
5.2706604,1.8148055,Yasser_Aldossary
0.61059725,-5.994523,Yasser_Aldossary
9.369634,-4.0666356,Yasser_Aldossary
8.79479,-4.644016,Yasser_Aldossary
8.144419,6.4035087,Yasser_Aldossary
-11.121597,-3.9875948,Yasser_Aldossary
7.3045187,3.926135,Yasser_Aldossary
6.338865,7.046652,Yasser_Aldossary
3.6529825,1.5289351,Yasser_Aldossary
3.8137126,1.5363823,Yasser_Aldossary
8.105659,3.8532062,Yasser_Aldossary
-11.520951,-3.4588156,Yasser_Aldossary
-11.705971,-2.7595901,Yasser_Aldossary
-5.9807024,5.035372,Yasser_Aldossary
9.291423,6.552761,Yasser_Aldossary
8.907957,-4.508476,Yasser_Aldossary
-1.5193915,5.6773357,Yasser_Aldossary
-5.0564623,-2.576347,Yasser_Aldossary
0.62682915,-6.0084567,Yasser_Aldossary
-4.4183598,-2.9792452,Yasser_Aldossary
-11.018052,-4.493812,Yasser_Aldossary
-4.818321,-2.700398,Yasser_Aldossary
-4.931517,-2.6348362,Yasser_Aldossary
-3.152573,4.3169723,Yasser_Aldossary
0.62313527,-6.000734,Yasser_Aldossary
0.67733693,-6.219742,Yasser_Aldossary
-2.5675123,4.6089425,Yasser_Aldossary
-2.7397466,4.505388,Yasser_Aldossary
9.267678,6.5268006,Yasser_Aldossary
-11.263386,-3.2912986,Yasser_Aldossary
-11.50904,-3.3653176,Yasser_Aldossary
8.844497,-4.5924983,Yasser_Aldossary
-11.131403,-3.187297,Yasser_Aldossary
9.125895,-4.2988353,Yasser_Aldossary
-5.0384564,-2.5812206,Yasser_Aldossary
8.927724,-4.4885273,Yasser_Aldossary
-3.1225903,4.337034,Yasser_Aldossary
-4.658019,-2.798048,Yasser_Aldossary
8.124631,3.9457633,Yasser_Aldossary
-10.37726,-4.333181,Yasser_Aldossary
-4.202355,-3.1026733,Yasser_Aldossary
9.138246,6.4580708,Yasser_Aldossary
-0.95211405,8.009816,Yasser_Aldossary
9.406424,-4.054043,Yasser_Aldossary
-3.1530137,4.313089,Yasser_Aldossary
-4.9353423,-2.6374605,Yasser_Aldossary
8.95212,-4.491552,Yasser_Aldossary
7.1665683,5.338563,Yasser_Aldossary
0.606638,-5.9723682,Yasser_Aldossary
-4.5431695,-2.876078,Yasser_Aldossary
-11.450519,-3.6557379,Yasser_Aldossary
3.6609242,1.4354458,Yasser_Aldossary
9.46408,-3.953527,Yasser_Aldossary
-3.0818098,4.357856,Yasser_Aldossary
-11.017658,-4.1041465,Yasser_Aldossary
0.60826117,-6.018512,Yasser_Aldossary
7.484746,6.5100446,Yasser_Aldossary
-10.623856,-2.2822032,Yasser_Aldossary
8.883668,-4.5942955,Yasser_Aldossary
-2.6163661,6.13257,Yasser_Aldossary
7.126101,6.363692,Yasser_Aldossary
-2.994642,4.4094224,Yasser_Aldossary
6.288038,6.450519,Yasser_Aldossary
8.094679,3.8523545,Yasser_Aldossary
9.003496,-4.4083548,Yasser_Aldossary
9.166244,6.571785,Yasser_Aldossary
-10.098455,-4.2041926,Yasser_Aldossary
8.957416,-4.445823,Yasser_Aldossary
-4.3578343,-3.0075512,Yasser_Aldossary
-4.6188626,-2.8114188,Yasser_Aldossary
0.6281325,-5.991785,Yasser_Aldossary
-10.911215,-4.556588,Yasser_Aldossary
8.716581,6.415513,Yasser_Aldossary
-10.540822,-4.339399,Yasser_Aldossary
0.5895701,-6.0730443,Yasser_Aldossary
-4.555921,-2.8543293,Yasser_Aldossary
-4.275342,-3.058212,Yasser_Aldossary
8.167336,3.916268,Yasser_Aldossary
9.193419,6.51826,Yasser_Aldossary
8.736179,6.4722743,Yasser_Aldossary
9.178728,-4.253999,Yasser_Aldossary
3.2840688,3.7991886,Yasser_Aldossary
5.3831887,4.075266,Yasser_Aldossary
0.5450191,-6.191825,Yasser_Aldossary
8.097015,3.9044936,Yasser_Aldossary
3.6718388,1.4259694,Yasser_Aldossary
-4.5104055,-2.9079216,Yasser_Aldossary
0.55160356,-6.1003966,Yasser_Aldossary
0.6082716,-6.031537,Yasser_Aldossary
9.289244,-4.1652865,Yasser_Aldossary
8.093258,3.9731746,Yasser_Aldossary
8.0791235,3.8546968,Yasser_Aldossary
-5.119289,-2.5598562,Yasser_Aldossary
3.6938875,1.1073681,Yasser_Aldossary
-3.1504471,4.322782,Yasser_Aldossary
-2.65081,4.4588413,Yasser_Aldossary
2.9486694,3.6152391,Yasser_Aldossary
3.8358195,1.4871637,Yasser_Aldossary
8.775333,-4.695166,Yasser_Aldossary
-11.12311,-3.1660628,Yasser_Aldossary
6.9928427,6.635041,Yasser_Aldossary
-11.254913,-4.0027122,Yasser_Aldossary
0.6228731,-6.0373783,Yasser_Aldossary
0.6040651,-6.034106,Yasser_Aldossary
9.048211,6.4710937,Yasser_Aldossary
9.235004,-4.1973658,Yasser_Aldossary
9.043121,-4.388515,Yasser_Aldossary
9.468108,-3.9818792,Yasser_Aldossary
9.29122,-4.1290045,Yasser_Aldossary
8.362887,6.40254,Yasser_Aldossary
6.6742887,3.8844326,Yasser_Aldossary
-11.422743,-3.5483875,Yasser_Aldossary
8.645019,6.472245,Yasser_Aldossary
0.5320288,-6.0242763,Yasser_Aldossary
0.6289918,-6.057397,Yasser_Aldossary
-10.905335,-4.6461744,Yasser_Aldossary
-3.0297563,3.964821,Yasser_Aldossary
7.586419,3.9930644,Yasser_Aldossary
7.314256,5.437791,Yasser_Aldossary
-11.051212,-4.385252,Yasser_Aldossary
5.2849183,0.8044401,Yasser_Aldossary
0.6024744,-6.009724,Yasser_Aldossary
8.904119,-4.5113983,Yasser_Aldossary
-2.5348454,4.6560407,Yasser_Aldossary
-4.184813,-3.0873508,Yasser_Aldossary
-11.16076,-4.2005243,Yasser_Aldossary
8.8355255,-4.5755486,Yasser_Aldossary
7.9667144,3.8769598,Yasser_Aldossary
9.2772255,-4.150053,Yasser_Aldossary
6.7645416,6.8215423,Yasser_Aldossary
8.555247,5.6266603,Yasser_Aldossary
-10.787448,-4.4322953,Yasser_Aldossary
8.838905,6.500778,Yasser_Aldossary
8.868538,-4.549468,Yasser_Aldossary
-4.8781066,-2.6848824,Yasser_Aldossary
9.272397,6.5861673,Yasser_Aldossary
3.9280887,1.3827866,Yasser_Aldossary
0.5951847,-6.0456095,Yasser_Aldossary
8.12905,3.9634283,Yasser_Aldossary
8.108422,3.8666637,Yasser_Aldossary
-10.902314,-3.9752865,Yasser_Aldossary
9.055225,-4.368088,Yasser_Aldossary
8.753507,-4.7010636,Yasser_Aldossary
-4.461055,-2.9359953,Yasser_Aldossary
-0.54084414,10.070644,Ali_Alhothaify
3.8683589,10.589696,Ali_Alhothaify
-5.367296,7.1211643,Ali_Alhothaify
-4.393649,0.1514842,Ali_Alhothaify
-7.5111294,1.2415919,Ali_Alhothaify
-4.7353806,-0.8283126,Ali_Alhothaify
0.43013686,1.7761877,Ali_Alhothaify
4.4587483,8.517494,Ali_Alhothaify
-2.2557776,-1.3028231,Ali_Alhothaify
6.356798,-2.659111,Ali_Alhothaify
-7.093365,0.96156615,Ali_Alhothaify
-2.5225625,-1.1646789,Ali_Alhothaify
2.964896,11.180356,Ali_Alhothaify
-2.8763773,-1.1051278,Ali_Alhothaify
5.3997684,-2.6968477,Ali_Alhothaify
4.4255185,8.521658,Ali_Alhothaify
-6.6254096,0.59002936,Ali_Alhothaify
3.8241825,10.547612,Ali_Alhothaify
-8.207075,1.9466842,Ali_Alhothaify
7.424109,-2.487921,Ali_Alhothaify
-6.9114313,0.8423761,Ali_Alhothaify
7.369029,-2.5039747,Ali_Alhothaify
7.1600604,-2.5338666,Ali_Alhothaify
0.56327814,1.8199246,Ali_Alhothaify
-8.055868,1.6391956,Ali_Alhothaify
0.5731452,1.721248,Ali_Alhothaify
-4.7260036,-0.8289655,Ali_Alhothaify
-0.058353014,9.968789,Ali_Alhothaify
3.8952909,10.493194,Ali_Alhothaify
0.6586072,1.0954022,Ali_Alhothaify
3.4425964,11.190106,Ali_Alhothaify
-2.153887,-1.3280039,Ali_Alhothaify
-1.3022511,10.24134,Ali_Alhothaify
-8.229486,1.7582048,Ali_Alhothaify
0.62234586,1.4392215,Ali_Alhothaify
4.510212,8.5163555,Ali_Alhothaify
4.3804226,8.529954,Ali_Alhothaify
-0.5854216,10.013013,Ali_Alhothaify
-4.777356,-0.7921769,Ali_Alhothaify
-4.765243,-0.7914429,Ali_Alhothaify
4.188029,8.557983,Ali_Alhothaify
0.47606462,1.6578201,Ali_Alhothaify
-0.30803913,9.931571,Ali_Alhothaify
0.5666873,1.667914,Ali_Alhothaify
1.218338,2.0654376,Ali_Alhothaify
0.65750897,1.4301403,Ali_Alhothaify
-0.10383282,10.507875,Ali_Alhothaify
-5.47428,6.690107,Ali_Alhothaify
0.2090088,9.848451,Ali_Alhothaify
-2.5277486,-1.2277064,Ali_Alhothaify
-6.7211056,0.7027956,Ali_Alhothaify
-4.987188,-0.630944,Ali_Alhothaify
-2.1272614,-1.3686054,Ali_Alhothaify
3.5595021,8.578426,Ali_Alhothaify
-0.8181697,9.9558525,Ali_Alhothaify
-6.9347463,0.8418111,Ali_Alhothaify
0.36373204,0.7721664,Ali_Alhothaify
3.904944,10.486345,Ali_Alhothaify
-7.3905573,1.1846713,Ali_Alhothaify
-3.8599105,0.08549628,Ali_Alhothaify
3.7367666,10.628218,Ali_Alhothaify
-7.89315,1.5232967,Ali_Alhothaify
-4.342799,0.23528962,Ali_Alhothaify
4.546221,8.500615,Ali_Alhothaify
0.27881154,1.8973012,Ali_Alhothaify
4.405866,8.525668,Ali_Alhothaify
-3.024723,-0.86342853,Ali_Alhothaify
-3.5440247,-0.2745262,Ali_Alhothaify
5.3091683,-2.6906796,Ali_Alhothaify
-2.9753108,-0.95513123,Ali_Alhothaify
-4.9160657,-0.67822605,Ali_Alhothaify
-8.196468,1.7562803,Ali_Alhothaify
5.394729,-2.695905,Ali_Alhothaify
7.2214465,-2.52544,Ali_Alhothaify
-1.4250113,10.177878,Ali_Alhothaify
-3.7040114,-0.09852461,Ali_Alhothaify
-8.265632,1.7650845,Ali_Alhothaify
-5.0214314,-0.5682153,Ali_Alhothaify
6.062828,-2.6844478,Ali_Alhothaify
-5.0794454,0.8748794,Ali_Alhothaify
-2.8046038,3.4521394,Ali_Alhothaify
-7.0125093,0.9176338,Ali_Alhothaify
2.1590567,8.357211,Ali_Alhothaify
3.8073106,10.554368,Ali_Alhothaify
0.5369078,1.7083147,Ali_Alhothaify
-6.6456594,0.65915096,Ali_Alhothaify
7.1571407,-2.536497,Ali_Alhothaify
3.8363206,10.536768,Ali_Alhothaify
0.5677301,1.7661543,Ali_Alhothaify
-3.255758,-0.4405435,Ali_Alhothaify
-2.1771405,-1.3441329,Ali_Alhothaify
4.42627,8.523927,Ali_Alhothaify
-3.0177574,-0.5892255,Ali_Alhothaify
5.295912,-2.6907136,Ali_Alhothaify
4.5597486,8.501684,Ali_Alhothaify
-2.8476722,-0.9107001,Ali_Alhothaify
-4.781429,-0.77817374,Ali_Alhothaify
4.5245204,8.505885,Ali_Alhothaify
7.309379,-2.5063908,Ali_Alhothaify
3.9236236,10.494718,Ali_Alhothaify
4.240211,8.542323,Ali_Alhothaify
2.5328062,8.700333,Ali_Alhothaify
7.2836404,-2.5224745,Ali_Alhothaify
-0.49719265,10.138146,Ali_Alhothaify
-8.197607,1.6444923,Ali_Alhothaify
4.5192213,8.509285,Ali_Alhothaify
-1.2893754,10.210075,Ali_Alhothaify
-4.7233586,-0.85030824,Ali_Alhothaify
-4.8646145,-0.72202843,Ali_Alhothaify
2.5377035,11.08944,Ali_Alhothaify
-9.334629,2.52192,Ali_Alhothaify
0.45039034,9.657376,Ali_Alhothaify
-2.2033632,-1.3734533,Ali_Alhothaify
-2.127694,-1.3744391,Ali_Alhothaify
4.125785,8.563218,Ali_Alhothaify
-8.000227,1.6142433,Ali_Alhothaify
2.8983436,11.173573,Ali_Alhothaify
-2.0317595,-1.3800132,Ali_Alhothaify
-3.9208105,0.00042141252,Ali_Alhothaify
3.5255525,10.751402,Ali_Alhothaify
-0.34109318,9.963086,Ali_Alhothaify
6.6583405,-2.625509,Ali_Alhothaify
-4.786672,-0.7887919,Ali_Alhothaify
4.418178,8.526264,Ali_Alhothaify
-4.118403,9.315786,Ali_Alhothaify
0.005517197,2.2564888,Ali_Alhothaify
-7.055469,0.94227207,Ali_Alhothaify
3.3291001,11.099956,Ali_Alhothaify
-4.779556,-0.7872431,Ali_Alhothaify
-5.6527476,6.1419625,Ali_Alhothaify
-4.887797,0.7006879,Ali_Alhothaify
7.393172,-2.490716,Ali_Alhothaify
3.9182322,10.417182,Ali_Alhothaify
-4.874337,-0.70403147,Ali_Alhothaify
-4.556914,0.35300612,Ali_Alhothaify
3.4337752,11.049654,Ali_Alhothaify
-4.80476,-0.77351105,Ali_Alhothaify
-8.331802,1.777363,Ali_Alhothaify
7.177263,-2.545293,Ali_Alhothaify
-6.5222445,0.56662416,Ali_Alhothaify
-6.9146476,0.83604074,Ali_Alhothaify
-7.3081946,1.1280476,Ali_Alhothaify
-8.372705,1.9814292,Ali_Alhothaify
7.317402,-2.5086372,Ali_Alhothaify
-5.5617394,-0.15291831,Ali_Alhothaify
-2.2073328,3.7064927,Ali_Alhothaify
-4.8094,-0.77402115,Ali_Alhothaify
3.6008594,11.114503,Ali_Alhothaify
0.5509695,1.6739279,Ali_Alhothaify
-2.3538032,-1.3274404,Ali_Alhothaify
-8.082563,1.6149799,Ali_Alhothaify
-7.985979,1.5849016,Ali_Alhothaify
-5.020892,-0.6055058,Ali_Alhothaify
3.0376685,8.588731,Ali_Alhothaify
6.350133,-2.6611025,Ali_Alhothaify
7.5586596,-2.4398177,Ali_Alhothaify
4.4985065,8.512407,Ali_Alhothaify
-7.2838383,1.0495191,Ali_Alhothaify
7.2074113,-2.53678,Ali_Alhothaify
7.265988,-2.5191004,Ali_Alhothaify
-1.1090283,10.202915,Ali_Alhothaify
0.28340158,1.9047014,Ali_Alhothaify
-7.013653,0.925418,Ali_Alhothaify
2.999064,11.176083,Ali_Alhothaify
0.48632145,1.6146036,Ali_Alhothaify
7.335328,-2.506448,Ali_Alhothaify
7.076532,-2.5556777,Ali_Alhothaify
-3.3572867,-0.13122721,Ali_Alhothaify
-8.159209,1.7159902,Ali_Alhothaify
-8.230852,1.7101011,Ali_Alhothaify
3.2534518,8.621863,Ali_Alhothaify
7.3286357,-2.5094616,Ali_Alhothaify
-5.840085,0.06682327,Ali_Alhothaify
-0.42498842,9.960873,Ali_Alhothaify
2.8318315,11.215627,Ali_Alhothaify
-7.9313946,1.5030745,Ali_Alhothaify
-1.9735227,-1.3913703,Ali_Alhothaify
-6.722275,0.68139523,Ali_Alhothaify
7.606103,-2.4474704,Ali_Alhothaify
-0.34519297,9.881208,Ali_Alhothaify
5.2629614,-2.6866846,Ali_Alhothaify
3.8291712,8.556085,Ali_Alhothaify
-4.7590985,-0.7879498,Ali_Alhothaify
0.6577371,0.9598306,Ali_Alhothaify
-4.816384,-0.70739007,Ali_Alhothaify
-6.595344,0.6095249,Ali_Alhothaify
4.320508,10.253513,Ali_Alhothaify
4.3142486,8.53471,Ali_Alhothaify
-2.359201,-1.1937073,Ali_Alhothaify
-0.01897108,9.929668,Ali_Alhothaify
7.238717,-2.528998,Ali_Alhothaify
4.2634525,8.541125,Ali_Alhothaify
7.362861,-2.50062,Ali_Alhothaify
-2.8428078,-0.8938034,Ali_Alhothaify
-8.229638,1.7152529,Ali_Alhothaify
-7.982822,1.531097,Ali_Alhothaify
7.2628756,-2.5259843,Ali_Alhothaify
-6.567478,0.5953986,Ali_Alhothaify
6.672261,-2.6165895,Ali_Alhothaify
4.3265457,8.537306,Ali_Alhothaify
-3.0141077,-0.72700334,Ali_Alhothaify
1.952186,8.127639,Ali_Alhothaify
3.6577299,10.590582,Ali_Alhothaify
-7.3230233,1.0828767,Ali_Alhothaify
-3.3005679,-0.3112232,Ali_Alhothaify
0.044859838,2.2619884,Ali_Alhothaify
-7.067936,0.9555845,Ali_Alhothaify
-0.32184732,11.003047,Ali_Alhothaify
-5.422175,6.98864,Ali_Alhothaify
-4.9306436,-0.65878457,Ali_Alhothaify
-1.3506917,10.255203,Ali_Alhothaify
0.04384556,9.84365,Ali_Alhothaify
-5.2945504,1.0092379,Ali_Alhothaify
-0.0626576,9.862816,Ali_Alhothaify
-0.4244947,9.978885,Ali_Alhothaify
0.43374437,1.7535574,Ali_Alhothaify
-8.279742,1.8055515,Ali_Alhothaify
6.63092,-2.626018,Ali_Alhothaify
-8.150373,1.6634322,Ali_Alhothaify
0.36071336,1.0478176,Ali_Alhothaify
7.095046,-2.5460975,Ali_Alhothaify
-1.0434625,6.6036563,Ali_Alhothaify
7.0451603,-2.5704823,Ali_Alhothaify
0.62073725,1.5452538,Ali_Alhothaify
-7.7254124,1.3669776,Ali_Alhothaify
-1.9224461,-1.4465792,Ali_Alhothaify
0.31657836,1.8717519,Ali_Alhothaify
0.41967186,1.7186203,Ali_Alhothaify
-6.649973,0.63249975,Ali_Alhothaify
4.5429444,8.503951,Ali_Alhothaify
-4.954416,-0.64302105,Ali_Alhothaify
-3.1685991,-0.41898,Ali_Alhothaify
-7.3858867,1.1735922,Ali_Alhothaify
-2.8785415,-0.6884154,Ali_Alhothaify
0.6415313,1.3930373,Ali_Alhothaify
-4.74437,-0.81425786,Ali_Alhothaify
-0.2788193,9.951449,Ali_Alhothaify
6.9396515,-2.5871625,Ali_Alhothaify
-0.5465928,10.020274,Ali_Alhothaify
0.2661888,9.853368,Ali_Alhothaify
7.5469127,-2.4445748,Ali_Alhothaify
3.8688536,10.439283,Ali_Alhothaify
-4.8508496,-0.7245412,Ali_Alhothaify
6.040431,-2.6770449,Ali_Alhothaify
-8.143965,1.64794,Ali_Alhothaify
-8.996841,2.2188854,Ali_Alhothaify
-7.6711597,1.3383819,Ali_Alhothaify
-9.521321,2.5547326,Ali_Alhothaify
-9.461848,2.4854434,Ali_Alhothaify
-8.148845,1.6870456,Ali_Alhothaify
-1.2565693,10.229797,Ali_Alhothaify
-6.4089932,0.475618,Ali_Alhothaify
-2.3613026,-1.208612,Ali_Alhothaify
-6.7270937,0.6910668,Ali_Alhothaify
0.6586081,1.416282,Ali_Alhothaify
-2.661528,-1.1696854,Ali_Alhothaify
-8.165039,1.7209808,Ali_Alhothaify
7.3295703,-2.5015898,Ali_Alhothaify
7.4973087,-2.4588556,Ali_Alhothaify
3.6349957,10.77497,Ali_Alhothaify
0.53902894,0.749782,Ali_Alhothaify
7.5546536,-2.435408,Ali_Alhothaify
4.1427803,8.554485,Ali_Alhothaify
1.7599593,10.761003,Ali_Alhothaify
1.1190736,0.8378734,Ali_Alhothaify
0.41304508,1.1928139,Ali_Alhothaify
0.7655297,1.7332251,Ali_Alhothaify
-2.9393997,-0.62789387,Ali_Alhothaify
4.485924,8.518619,Ali_Alhothaify
-7.9074154,1.4813218,Ali_Alhothaify
-7.9262037,1.5458746,Ali_Alhothaify
0.6421041,1.5425794,Ali_Alhothaify
-1.8721415,-1.4237826,Ali_Alhothaify
-1.8813896,-1.5931648,Ali_Alhothaify
-5.1963763,0.9053395,Ali_Alhothaify
-8.071906,1.6315374,Ali_Alhothaify
-6.7462373,0.70812714,Ali_Alhothaify
7.401565,-2.4803448,Ali_Alhothaify
-4.722081,-0.83919793,Ali_Alhothaify
0.6150087,1.5350319,Ali_Alhothaify
3.8375425,10.504076,Ali_Alhothaify
0.5100825,1.8199934,Ali_Alhothaify
2.231451,10.965415,Ali_Alhothaify
7.458694,-2.4496877,Ali_Alhothaify
4.5472136,8.50419,Ali_Alhothaify
-9.00805,2.2227325,Ali_Alhothaify
-4.751181,-0.81772476,Ali_Alhothaify
-4.7557645,-0.7996291,Ali_Alhothaify
-2.8561187,-1.068428,Ali_Alhothaify
-2.602377,-1.0562066,Ali_Alhothaify
-2.876311,-1.1179789,Ali_Alhothaify
7.497754,-2.458987,Ali_Alhothaify
4.471024,8.516824,Ali_Alhothaify
2.9735146,8.640977,Ali_Alhothaify
6.99892,-2.572094,Ali_Alhothaify
-2.2080622,3.616426,Ali_Alhothaify
2.6263766,8.597011,Ali_Alhothaify
7.1620846,-2.5419538,Ali_Alhothaify
5.274245,-2.6866195,Ali_Alhothaify
-7.1740937,1.0455614,Ali_Alhothaify
-8.122831,1.6550606,Ali_Alhothaify
0.5673554,1.5385565,Ali_Alhothaify
-2.844804,-1.0675865,Ali_Alhothaify
4.4706025,8.5101,Ali_Alhothaify
0.5461433,1.016715,Ali_Alhothaify
0.44574893,1.8008391,Ali_Alhothaify
0.01971897,9.819419,Ali_Alhothaify
-0.07654058,9.778088,Ali_Alhothaify
-7.0082197,0.9082168,Ali_Alhothaify
5.4018297,-2.698297,Ali_Alhothaify
0.67897075,1.3821942,Ali_Alhothaify
-2.1649013,-1.3926011,Ali_Alhothaify
3.842954,10.528903,Ali_Alhothaify
7.3496747,-2.4969146,Ali_Alhothaify
-1.7400432,10.200629,Ali_Alhothaify
-2.9703212,-0.6938792,Ali_Alhothaify
-2.9863706,-0.80712783,Ali_Alhothaify
-2.782895,-1.1825753,Ali_Alhothaify
2.6263697,8.651256,Ali_Alhothaify
1.4959153,0.9312459,Ali_Alhothaify
5.316476,-2.696277,Ali_Alhothaify
-7.3711333,1.1437649,Ali_Alhothaify
7.3500676,-2.50129,Ali_Alhothaify
2.7611861,8.5963545,Ali_Alhothaify
-1.3065914,10.17195,Ali_Alhothaify
-7.014599,0.91389394,Ali_Alhothaify
4.5174155,8.50742,Ali_Alhothaify
7.476237,-2.453098,Ali_Alhothaify
-7.7222047,1.3868992,Ali_Alhothaify
-4.8253,-0.7563443,Ali_Alhothaify
-2.1206245,-1.374641,Ali_Alhothaify
6.942063,-2.5422323,Ali_Alhothaify
-1.2347103,10.246594,Ali_Alhothaify
3.9555798,10.4543085,Ali_Alhothaify
6.3709965,-2.6590214,Ali_Alhothaify
0.40762657,1.7053673,Ali_Alhothaify
-5.431396,-0.2566497,Ali_Alhothaify
5.6027775,-2.6977646,Ali_Alhothaify
-8.088647,1.704471,Ali_Alhothaify
4.525632,8.506039,Ali_Alhothaify
5.453632,-2.6973948,Ali_Alhothaify
-0.8355061,9.858782,Ali_Alhothaify
0.5156026,1.482825,Ali_Alhothaify
-8.222674,1.7984327,Ali_Alhothaify
-7.549205,1.2740359,Ali_Alhothaify
7.385494,-2.4980097,Ali_Alhothaify
-6.8742433,0.8105335,Ali_Alhothaify
-2.133215,-1.3556684,Ali_Alhothaify
-6.7914753,0.75391257,Ali_Alhothaify
-7.923959,1.4996732,Ali_Alhothaify
0.2071993,1.9763273,Ali_Alhothaify
0.55628115,6.9708242,Ali_Alhothaify
-6.74385,0.68407184,Ali_Alhothaify
-7.9314623,1.5088191,Ali_Alhothaify
2.7037654,8.577615,Ali_Alhothaify
3.2675712,11.178893,Ali_Alhothaify
2.9661791,11.187706,Ali_Alhothaify
-3.1813023,-0.57870096,Ali_Alhothaify
-6.9207935,0.890269,Ali_Alhothaify
-8.014116,1.5611385,Ali_Alhothaify
-4.81083,-0.76735413,Ali_Alhothaify
7.3457904,-2.4962707,Ali_Alhothaify
-3.0433977,-0.51840234,Ali_Alhothaify
-1.0159774,10.168057,Ali_Alhothaify
-4.997518,-0.6522085,Ali_Alhothaify
7.354445,-2.498033,Ali_Alhothaify
-4.74562,-0.8197159,Ali_Alhothaify
-7.029775,0.928473,Ali_Alhothaify
-6.706536,0.65657145,Ali_Alhothaify
-7.1305285,0.9973491,Ali_Alhothaify
-7.149455,1.0057362,Ali_Alhothaify
-8.189466,1.7427729,Ali_Alhothaify
6.7388134,-2.6161015,Ali_Alhothaify
-0.586828,-1.7852015,Ali_Alhothaify
4.495263,8.51143,Ali_Alhothaify
3.807463,10.542665,Ali_Alhothaify
3.9918115,10.406932,Ali_Alhothaify
2.942965,8.620939,Ali_Alhothaify
0.376273,1.6760925,Ali_Alhothaify
-9.535125,2.5938437,Ali_Alhothaify
-2.9673164,-0.9784518,Ali_Alhothaify
7.424569,-2.4846013,Ali_Alhothaify
-2.4913874,-1.2827588,Ali_Alhothaify
5.3569818,-2.6972835,Ali_Alhothaify
-7.5100718,1.2515625,Ali_Alhothaify
-7.6553407,1.3530582,Ali_Alhothaify
-3.887087,9.433542,Ali_Alhothaify
5.2162566,-2.6849236,Ali_Alhothaify
4.506358,8.50634,Ali_Alhothaify
4.490838,8.512278,Ali_Alhothaify
7.0258307,-2.5665395,Ali_Alhothaify
-2.7793596,-0.73005587,Ali_Alhothaify
-7.9793887,1.5628145,Ali_Alhothaify
2.5752313,2.070524,Ali_Alhothaify
-5.4964495,6.684621,Ali_Alhothaify
-8.067296,1.6026868,Ali_Alhothaify
-5.121213,-0.5064877,Ali_Alhothaify
7.405485,-2.4787157,Ali_Alhothaify
-1.3570104,10.226266,Ali_Alhothaify
3.8352811,10.59443,Ali_Alhothaify
3.8986712,10.435535,Ali_Alhothaify
-7.9375,1.5422072,Ali_Alhothaify
7.3339195,-2.5062084,Ali_Alhothaify
-5.4820223,1.2618171,Ali_Alhothaify
0.3718466,9.583287,Ali_Alhothaify
4.0704093,10.334662,Ali_Alhothaify
-2.246063,-1.3366975,Ali_Alhothaify
3.7883415,10.553396,Ali_Alhothaify
3.9414663,10.452879,Ali_Alhothaify
-7.179607,1.1100745,Ali_Alhothaify
3.5602,10.647867,Ali_Alhothaify
-4.2195716,9.227561,Ali_Alhothaify
-5.564061,-0.15007977,Ali_Alhothaify
-2.6652217,-1.2115638,Ali_Alhothaify
4.07064,8.559033,Ali_Alhothaify
4.2539682,10.228188,Ali_Alhothaify
-5.6404805,-0.08771261,Ali_Alhothaify
4.033499,10.473988,Ali_Alhothaify
3.9414759,10.468727,Ali_Alhothaify
-0.6800617,10.124599,Ali_Alhothaify
-3.0228553,-0.8444601,Ali_Alhothaify
-7.0005097,0.9068343,Ali_Alhothaify
5.263931,-2.685898,Ali_Alhothaify
-0.043645557,10.009805,Ali_Alhothaify
-2.0537,-1.4635236,Ali_Alhothaify
4.2170653,8.540802,Ali_Alhothaify
5.3225636,-2.693527,Ali_Alhothaify
-1.19036,10.185506,Ali_Alhothaify
4.4863067,8.511883,Ali_Alhothaify
-1.2423004,10.218895,Ali_Alhothaify
0.44173068,1.7601464,Ali_Alhothaify
-4.725744,-0.83925694,Ali_Alhothaify
-4.6120076,7.049091,Ali_Alhothaify
0.1559446,9.742699,Ali_Alhothaify
5.301187,-2.6914542,Ali_Alhothaify
-2.8913667,-0.7011469,Ali_Alhothaify
-8.022528,1.5904406,Ali_Alhothaify
4.54581,8.501503,Ali_Alhothaify
1.6068245,8.293025,Ali_Alhothaify
4.0181227,10.356024,Ali_Alhothaify
-8.010765,1.5950032,Ali_Alhothaify
7.2787313,-2.510222,Ali_Alhothaify
-5.8070445,0.51310974,Ali_Alhothaify
2.975714,11.109071,Ali_Alhothaify
-4.827573,-0.72844744,Ali_Alhothaify
-5.437171,0.8973333,Ali_Alhothaify
6.1268015,-2.683205,Ali_Alhothaify
5.4838676,-2.6995108,Ali_Alhothaify
4.473809,8.51747,Ali_Alhothaify
7.4707546,-2.466,Ali_Alhothaify
0.4264492,1.7616069,Ali_Alhothaify
2.1097684,10.931993,Ali_Alhothaify
-2.7563453,-1.1027657,Ali_Alhothaify
7.4505763,-2.4876924,Ali_Alhothaify
4.328935,10.240053,Ali_Alhothaify
-3.943053,0.057351213,Ali_Alhothaify
-1.0396917,-8.4033785,Abdullah_Albuaijan
12.003958,-1.0041203,Abdullah_Albuaijan
12.216292,-0.9328084,Abdullah_Albuaijan
-0.92900527,8.309167,Abdullah_Albuaijan
-0.8204891,8.395467,Abdullah_Albuaijan
-1.723187,-8.317965,Abdullah_Albuaijan
1.283484,0.03291052,Abdullah_Albuaijan
1.8546907,-9.586018,Abdullah_Albuaijan
6.424655,2.63422,Abdullah_Albuaijan
1.8795269,0.14044215,Abdullah_Albuaijan
1.0826973,-8.216582,Abdullah_Albuaijan
-8.993293,-8.534143,Abdullah_Albuaijan
12.213504,-0.936191,Abdullah_Albuaijan
6.699906,5.909158,Abdullah_Albuaijan
6.313539,2.6860745,Abdullah_Albuaijan
1.9867467,-9.316,Abdullah_Albuaijan
7.4360943,6.0832834,Abdullah_Albuaijan
1.8569683,-9.766169,Abdullah_Albuaijan
-0.5131004,8.219578,Abdullah_Albuaijan
11.71061,-1.0881743,Abdullah_Albuaijan
-5.3769035,6.5368266,Abdullah_Albuaijan
1.4931434,-10.33562,Abdullah_Albuaijan
1.6200471,0.45481652,Abdullah_Albuaijan
6.423636,2.6307797,Abdullah_Albuaijan
-8.886731,-8.272258,Abdullah_Albuaijan
-8.9144535,-8.227446,Abdullah_Albuaijan
1.1848843,0.31488192,Abdullah_Albuaijan
12.361302,-0.87909096,Abdullah_Albuaijan
-8.675352,-8.369669,Abdullah_Albuaijan
-0.88742775,8.2439375,Abdullah_Albuaijan
-1.444988,8.533156,Abdullah_Albuaijan
12.209998,-0.9348087,Abdullah_Albuaijan
1.4960011,-10.479791,Abdullah_Albuaijan
-9.133457,-8.359568,Abdullah_Albuaijan
6.39971,2.627349,Abdullah_Albuaijan
7.4581385,6.0002656,Abdullah_Albuaijan
6.4437876,2.6635807,Abdullah_Albuaijan
12.278496,-0.91222847,Abdullah_Albuaijan
1.5858482,3.7407658,Abdullah_Albuaijan
12.3124275,-0.9009697,Abdullah_Albuaijan
1.6141697,0.24295157,Abdullah_Albuaijan
-9.072152,-8.330318,Abdullah_Albuaijan
-8.762837,-8.2044735,Abdullah_Albuaijan
-0.88137424,8.384313,Abdullah_Albuaijan
1.027038,-8.024881,Abdullah_Albuaijan
-0.7760858,8.369415,Abdullah_Albuaijan
1.8073138,1.770537,Abdullah_Albuaijan
8.144384,6.236214,Abdullah_Albuaijan
8.346676,6.2228036,Abdullah_Albuaijan
1.431299,-10.401601,Abdullah_Albuaijan
12.267408,-0.9169904,Abdullah_Albuaijan
-0.98715,-8.3359585,Abdullah_Albuaijan
-8.831619,-8.215683,Abdullah_Albuaijan
8.08251,6.024539,Abdullah_Albuaijan
12.304191,-0.8993514,Abdullah_Albuaijan
8.039601,6.11984,Abdullah_Albuaijan
-0.9586922,-8.475974,Abdullah_Albuaijan
0.85783345,-8.115735,Abdullah_Albuaijan
-6.6676807,-8.324333,Abdullah_Albuaijan
-1.3097498,8.363164,Abdullah_Albuaijan
6.934659,5.8362994,Abdullah_Albuaijan
-0.90460813,-8.536917,Abdullah_Albuaijan
6.558963,4.8526073,Abdullah_Albuaijan
12.329106,-0.8914487,Abdullah_Albuaijan
6.3784137,2.6497223,Abdullah_Albuaijan
1.4595846,-9.6553135,Abdullah_Albuaijan
7.1653666,5.9241457,Abdullah_Albuaijan
12.224814,-0.9289938,Abdullah_Albuaijan
12.055993,-0.9351206,Abdullah_Albuaijan
1.8535693,-9.450914,Abdullah_Albuaijan
-1.025669,-8.1578665,Abdullah_Albuaijan
12.372632,-0.86260515,Abdullah_Albuaijan
12.186658,-0.93691295,Abdullah_Albuaijan
-0.92692024,-8.539063,Abdullah_Albuaijan
-9.002321,-8.324232,Abdullah_Albuaijan
12.172954,-0.94460404,Abdullah_Albuaijan
1.9557388,-9.157734,Abdullah_Albuaijan
-9.290253,-8.366208,Abdullah_Albuaijan
-0.9042898,-8.462943,Abdullah_Albuaijan
-0.8883767,8.313331,Abdullah_Albuaijan
12.197162,-0.93954337,Abdullah_Albuaijan
6.673745,2.2687616,Abdullah_Albuaijan
12.250113,-0.92039883,Abdullah_Albuaijan
-9.144329,-8.348284,Abdullah_Albuaijan
-9.199083,-8.401488,Abdullah_Albuaijan
8.108058,6.209928,Abdullah_Albuaijan
6.4292355,2.6355746,Abdullah_Albuaijan
2.071409,-9.320556,Abdullah_Albuaijan
6.428862,2.7046072,Abdullah_Albuaijan
-0.34124637,8.221889,Abdullah_Albuaijan
1.9478134,0.16651401,Abdullah_Albuaijan
1.5646658,-8.797181,Abdullah_Albuaijan
1.5150183,-10.136111,Abdullah_Albuaijan
-0.9014773,8.335559,Abdullah_Albuaijan
7.5581098,6.0154943,Abdullah_Albuaijan
1.7765642,-9.406799,Abdullah_Albuaijan
-9.3126335,-8.323105,Abdullah_Albuaijan
-0.9525634,-8.210445,Abdullah_Albuaijan
1.8393545,-9.007814,Abdullah_Albuaijan
-0.48146167,8.218822,Abdullah_Albuaijan
12.116553,-0.9675624,Abdullah_Albuaijan
12.191607,-0.9418762,Abdullah_Albuaijan
-1.0403122,-8.298921,Abdullah_Albuaijan
1.9790361,-8.986388,Abdullah_Albuaijan
1.5480214,-9.2216625,Abdullah_Albuaijan
-8.643995,-8.368816,Abdullah_Albuaijan
12.259359,-0.9183858,Abdullah_Albuaijan
6.961098,5.8535933,Abdullah_Albuaijan
-9.016027,-8.253649,Abdullah_Albuaijan
-1.7240103,5.5972466,Abdullah_Albuaijan
-8.733661,-8.132397,Abdullah_Albuaijan
-8.596068,-7.993246,Abdullah_Albuaijan
-1.042002,-8.071637,Abdullah_Albuaijan
-0.8381823,8.2596245,Abdullah_Albuaijan
-0.841792,-8.496284,Abdullah_Albuaijan
1.7582812,1.2336156,Abdullah_Albuaijan
1.4440113,1.6483979,Abdullah_Albuaijan
8.185145,6.2577195,Abdullah_Albuaijan
7.8228436,6.111088,Abdullah_Albuaijan
12.058081,-0.98297226,Abdullah_Albuaijan
0.89172596,0.8425459,Abdullah_Albuaijan
4.5235286,0.9745008,Abdullah_Albuaijan
-0.6141143,8.363395,Abdullah_Albuaijan
1.9644669,2.8231287,Abdullah_Albuaijan
7.905694,6.162145,Abdullah_Albuaijan
-8.932744,-8.523126,Abdullah_Albuaijan
1.6434853,0.50704473,Abdullah_Albuaijan
-8.646014,-8.193893,Abdullah_Albuaijan
-0.8315027,8.334533,Abdullah_Albuaijan
1.952053,-9.216051,Abdullah_Albuaijan
12.25674,-0.91741204,Abdullah_Albuaijan
1.9274515,-9.145282,Abdullah_Albuaijan
-9.118539,-8.324413,Abdullah_Albuaijan
7.801318,6.0503516,Abdullah_Albuaijan
-9.172946,-8.369278,Abdullah_Albuaijan
-1.0819771,8.198272,Abdullah_Albuaijan
2.044184,-9.481645,Abdullah_Albuaijan
-0.56153363,8.388498,Abdullah_Albuaijan
-0.9981666,8.35492,Abdullah_Albuaijan
6.443976,2.586747,Abdullah_Albuaijan
1.8936337,-9.265843,Abdullah_Albuaijan
6.4340367,2.666655,Abdullah_Albuaijan
0.5252881,-8.0451565,Abdullah_Albuaijan
6.3918676,2.6591604,Abdullah_Albuaijan
-9.098428,-8.382864,Abdullah_Albuaijan
-9.119785,-8.338453,Abdullah_Albuaijan
7.1903744,6.11516,Abdullah_Albuaijan
-9.234936,-8.31975,Abdullah_Albuaijan
11.937382,-1.0144836,Abdullah_Albuaijan
2.2044566,0.3361932,Abdullah_Albuaijan
6.390878,2.6810544,Abdullah_Albuaijan
8.131887,6.2197366,Abdullah_Albuaijan
12.087652,-0.9745114,Abdullah_Albuaijan
-8.25267,-8.725221,Abdullah_Albuaijan
8.189635,6.180412,Abdullah_Albuaijan
-8.523517,-8.169021,Abdullah_Albuaijan
12.250565,-0.9214691,Abdullah_Albuaijan
12.001312,-0.9981855,Abdullah_Albuaijan
1.3311619,0.21487081,Abdullah_Albuaijan
1.9523408,-9.290934,Abdullah_Albuaijan
12.194459,-0.93966067,Abdullah_Albuaijan
-1.9461317,8.194961,Abdullah_Albuaijan
6.470409,2.6222756,Abdullah_Albuaijan
7.601828,6.1125207,Abdullah_Albuaijan
-8.787549,-8.465392,Abdullah_Albuaijan
1.9011947,-9.376258,Abdullah_Albuaijan
2.0674775,-9.392938,Abdullah_Albuaijan
6.533962,5.710836,Abdullah_Albuaijan
2.0811357,-9.361185,Abdullah_Albuaijan
1.8827133,-9.119211,Abdullah_Albuaijan
-9.160531,-8.361993,Abdullah_Albuaijan
6.4394712,2.6684432,Abdullah_Albuaijan
6.412502,2.623424,Abdullah_Albuaijan
1.2013885,0.033845928,Abdullah_Albuaijan
-9.071747,-8.472943,Abdullah_Albuaijan
-1.266196,-8.805245,Abdullah_Albuaijan
2.0165756,-9.52433,Abdullah_Albuaijan
8.303248,6.227522,Abdullah_Albuaijan
-8.633818,-8.040555,Abdullah_Albuaijan
12.424307,-0.85443085,Abdullah_Albuaijan
1.7793088,1.8896847,Abdullah_Albuaijan
-1.0138605,-8.269277,Abdullah_Albuaijan
6.481151,2.6910734,Abdullah_Albuaijan
-9.122054,-8.325974,Abdullah_Albuaijan
-2.1588213,-6.7556763,Abdullah_Albuaijan
1.8977592,-9.360599,Abdullah_Albuaijan
6.962211,6.016151,Abdullah_Albuaijan
-9.042754,-8.38596,Abdullah_Albuaijan
7.0912867,5.820772,Abdullah_Albuaijan
-0.9692431,-8.398127,Abdullah_Albuaijan
-9.039763,-8.603327,Abdullah_Albuaijan
12.056874,-0.9861025,Abdullah_Albuaijan
-0.9972483,-8.483169,Abdullah_Albuaijan
1.9841897,-9.131385,Abdullah_Albuaijan
6.3913083,2.6124694,Abdullah_Albuaijan
6.803554,5.9152665,Abdullah_Albuaijan
1.707018,-9.502417,Abdullah_Albuaijan
6.4797196,2.4345462,Abdullah_Albuaijan
-1.0260754,-8.457727,Abdullah_Albuaijan
-8.8818655,-8.52676,Abdullah_Albuaijan
1.984784,2.5758634,Abdullah_Albuaijan
8.083604,6.130646,Abdullah_Albuaijan
-8.619933,-8.593788,Abdullah_Albuaijan
12.255029,-0.9203139,Abdullah_Albuaijan
12.182133,-0.9432971,Abdullah_Albuaijan
7.5993733,6.128681,Abdullah_Albuaijan
12.371464,-0.87756455,Abdullah_Albuaijan
1.9997624,-9.324807,Abdullah_Albuaijan
1.9175198,2.2558699,Abdullah_Albuaijan
6.7669816,1.9558944,Abdullah_Albuaijan
1.4755031,-9.674322,Abdullah_Albuaijan
-8.578279,-8.053822,Abdullah_Albuaijan
-1.0485103,-8.215583,Abdullah_Albuaijan
-9.188719,-8.280907,Abdullah_Albuaijan
8.4543295,6.2439737,Abdullah_Albuaijan
0.9346512,0.6945397,Abdullah_Albuaijan
-9.190007,-8.355812,Abdullah_Albuaijan
6.464121,2.60444,Abdullah_Albuaijan
-1.0876635,8.436447,Abdullah_Albuaijan
11.98802,-1.0026264,Abdullah_Albuaijan
12.237678,-0.92681146,Abdullah_Albuaijan
1.7394147,-9.592952,Abdullah_Albuaijan
12.070365,-0.9802054,Abdullah_Albuaijan
6.262295,2.490081,Abdullah_Albuaijan
12.200852,-0.937987,Abdullah_Albuaijan
-8.835665,-8.375199,Abdullah_Albuaijan
-8.619559,-8.237904,Abdullah_Albuaijan
-3.7838376,-8.964123,Abdullah_Albuaijan
1.36012,-8.480373,Abdullah_Albuaijan
2.1147108,0.34627703,Abdullah_Albuaijan
-9.255967,-8.302563,Abdullah_Albuaijan
12.142651,-0.9572606,Abdullah_Albuaijan
-0.93399286,-8.380762,Abdullah_Albuaijan
6.5757885,2.3320792,Abdullah_Albuaijan
2.0062459,-9.439777,Abdullah_Albuaijan
-8.93809,-8.550928,Abdullah_Albuaijan
-0.728877,8.417776,Abdullah_Albuaijan
2.0268397,-9.33559,Abdullah_Albuaijan
6.3755937,2.6069942,Abdullah_Albuaijan
-0.9148665,8.403922,Abdullah_Albuaijan
-9.097754,-8.340014,Abdullah_Albuaijan
-0.9317514,-8.324661,Abdullah_Albuaijan
12.400164,-0.86536294,Abdullah_Albuaijan
-0.94273305,-8.392772,Abdullah_Albuaijan
12.249712,-0.92222995,Abdullah_Albuaijan
-8.8997555,-8.191756,Abdullah_Albuaijan
-0.9476506,8.313003,Abdullah_Albuaijan
-0.79315764,8.325827,Abdullah_Albuaijan
12.177928,-0.9408729,Abdullah_Albuaijan
1.460878,2.0062935,Abdullah_Albuaijan
12.22722,-0.928157,Abdullah_Albuaijan
-2.5328398,4.4729433,Abdullah_Albuaijan
1.6479591,1.9798009,Abdullah_Albuaijan
-0.6755865,8.355682,Abdullah_Albuaijan
11.94124,-1.0052658,Abdullah_Albuaijan
6.3617363,2.6556995,Abdullah_Albuaijan
2.1033227,-9.319845,Abdullah_Albuaijan
-0.48174864,8.229644,Abdullah_Albuaijan
-9.167244,-8.37186,Abdullah_Albuaijan
1.6552892,-8.72619,Abdullah_Albuaijan
-1.0343125,-8.399909,Abdullah_Albuaijan
1.2629462,0.36627898,Abdullah_Albuaijan
12.264278,-0.9146998,Abdullah_Albuaijan
12.209354,-0.9276839,Abdullah_Albuaijan
-1.0210304,8.3173065,Abdullah_Albuaijan
8.156928,6.2866836,Abdullah_Albuaijan
6.4273725,2.6379843,Abdullah_Albuaijan
-1.2568942,8.30017,Abdullah_Albuaijan
1.3678299,-10.453412,Abdullah_Albuaijan
1.7464488,-10.0611925,Abdullah_Albuaijan
-9.192244,-8.370954,Abdullah_Albuaijan
1.9612014,-9.487205,Abdullah_Albuaijan
6.4416738,5.5850654,Abdullah_Albuaijan
1.4159136,-8.751012,Abdullah_Albuaijan
0.697659,1.8284489,Abdullah_Albuaijan
-9.224444,-8.3822565,Abdullah_Albuaijan
-3.11459,4.3470764,Abdullah_Albuaijan
1.2872422,-8.540719,Abdullah_Albuaijan
12.231204,-0.9228754,Abdullah_Albuaijan
6.4010367,2.5820625,Abdullah_Albuaijan
12.273252,-0.9095896,Abdullah_Albuaijan
1.0350565,-8.204413,Abdullah_Albuaijan
-0.74799186,-8.428055,Abdullah_Albuaijan
-0.3567445,8.185653,Abdullah_Albuaijan
1.2718462,-10.636475,Abdullah_Albuaijan
1.110243,0.41686913,Abdullah_Albuaijan
8.334078,6.2599673,Abdullah_Albuaijan
-0.8510813,8.390319,Abdullah_Albuaijan
1.5767854,1.911045,Abdullah_Albuaijan
1.9198852,-9.488266,Abdullah_Albuaijan
12.234911,-0.91878974,Abdullah_Albuaijan
-0.50512475,8.292055,Abdullah_Albuaijan
12.20073,-0.93906784,Abdullah_Albuaijan
-9.001209,-8.360456,Abdullah_Albuaijan
-8.864523,-8.509911,Abdullah_Albuaijan
-0.9692893,-8.373241,Abdullah_Albuaijan
12.217333,-0.91998404,Abdullah_Albuaijan
1.0692232,0.16376433,Abdullah_Albuaijan
6.4139194,2.6144993,Abdullah_Albuaijan
-1.0622243,-8.164934,Abdullah_Albuaijan
7.3094034,5.9818945,Abdullah_Albuaijan
-1.0648675,-8.371213,Abdullah_Albuaijan
12.196144,-0.93526155,Abdullah_Albuaijan
12.192001,-0.9280005,Abdullah_Albuaijan
1.1504413,-8.423471,Abdullah_Albuaijan
6.3984942,2.7145486,Abdullah_Albuaijan
7.2179227,6.072333,Abdullah_Albuaijan
7.2055454,5.94791,Abdullah_Albuaijan
-9.179547,-8.340137,Abdullah_Albuaijan
-8.348051,-8.035009,Abdullah_Albuaijan
2.0206132,-9.297724,Abdullah_Albuaijan
-9.282928,-8.359926,Abdullah_Albuaijan
12.16877,-0.95568866,Abdullah_Albuaijan
-0.9559232,8.322341,Abdullah_Albuaijan
-11.267186,1.0476379,Abdullah_Albuaijan
12.273893,-0.9093831,Abdullah_Albuaijan
12.134057,-0.9615761,Abdullah_Albuaijan
1.8272437,-9.599799,Abdullah_Albuaijan
-0.9392371,8.412814,Abdullah_Albuaijan
-8.918426,-8.441712,Abdullah_Albuaijan
0.9956825,0.47881803,Abdullah_Albuaijan
1.9340893,2.4330351,Abdullah_Albuaijan
-1.0353945,-8.3274355,Abdullah_Albuaijan
-0.7456975,8.342261,Abdullah_Albuaijan
1.7847642,-9.338339,Abdullah_Albuaijan
7.8384185,6.1572456,Abdullah_Albuaijan
1.6414632,-10.012081,Abdullah_Albuaijan
7.6255536,6.100606,Abdullah_Albuaijan
-2.0213048,7.9936423,Abdullah_Albuaijan
6.4858675,2.7245705,Abdullah_Albuaijan
1.8711067,-9.442518,Abdullah_Albuaijan
1.8971639,0.9976247,Abdullah_Albuaijan
1.354897,-10.461832,Abdullah_Albuaijan
12.136025,-0.9581833,Abdullah_Albuaijan
-9.253728,-8.371073,Abdullah_Albuaijan
1.9486258,-9.444743,Abdullah_Albuaijan
1.9979417,-9.377224,Abdullah_Albuaijan
1.263744,1.7261683,Abdullah_Albuaijan
0.69416654,-8.294236,Abdullah_Albuaijan
11.879291,-1.0389264,Abdullah_Albuaijan
1.893364,-9.362734,Abdullah_Albuaijan
0.7872183,-8.068417,Abdullah_Albuaijan
1.8173903,-9.182944,Abdullah_Albuaijan
1.3761159,0.5957734,Abdullah_Albuaijan
1.5202168,0.647443,Abdullah_Albuaijan
1.770645,-9.278079,Abdullah_Albuaijan
6.4012194,2.6785522,Abdullah_Albuaijan
-9.056193,-8.414017,Abdullah_Albuaijan
1.3019372,0.16410476,Abdullah_Albuaijan
-8.5362835,-8.393906,Abdullah_Albuaijan
-0.93478876,-8.407806,Abdullah_Albuaijan
12.237387,-0.92145973,Abdullah_Albuaijan
6.3691797,2.6293826,Abdullah_Albuaijan
1.9908555,-9.467752,Abdullah_Albuaijan
6.465786,2.702008,Abdullah_Albuaijan
-0.97966343,-8.346697,Abdullah_Albuaijan
-8.820911,-8.0595045,Abdullah_Albuaijan
-9.222048,-8.390905,Abdullah_Albuaijan
6.358333,2.6525185,Abdullah_Albuaijan
1.2686404,-10.386468,Abdullah_Albuaijan
1.4599879,-10.380932,Abdullah_Albuaijan
6.4155273,2.6650581,Abdullah_Albuaijan
7.6763263,6.0206356,Abdullah_Albuaijan
-0.9734637,8.426768,Abdullah_Albuaijan
0.87682354,0.10238364,Abdullah_Albuaijan
0.7408602,0.4911297,Abdullah_Albuaijan
-9.267205,-8.349828,Abdullah_Albuaijan
6.4325933,2.622283,Abdullah_Albuaijan
6.9515676,5.913767,Abdullah_Albuaijan
-9.284915,-8.321552,Abdullah_Albuaijan
2.7046807,0.57215214,Abdullah_Albuaijan
0.50088155,-8.106095,Abdullah_Albuaijan
1.4694,-10.478957,Abdullah_Albuaijan
6.8804746,5.878845,Abdullah_Albuaijan
-9.0566635,-8.328964,Abdullah_Albuaijan
6.45068,2.5999024,Abdullah_Albuaijan
-9.124193,-8.42694,Abdullah_Albuaijan
-0.894419,8.4020605,Abdullah_Albuaijan
-0.025155127,7.8965364,Abdullah_Albuaijan
1.3001771,0.11463753,Abdullah_Albuaijan
0.9856208,0.8054688,Abdullah_Albuaijan
-0.9333088,8.445583,Abdullah_Albuaijan
6.4209847,2.6244771,Abdullah_Albuaijan
-8.70914,-8.187778,Abdullah_Albuaijan
-8.776656,-8.071731,Abdullah_Albuaijan
2.0246677,-9.395781,Abdullah_Albuaijan
6.3816404,2.5754104,Abdullah_Albuaijan
0.7761325,1.6785383,Abdullah_Albuaijan
-9.072693,-8.310884,Abdullah_Albuaijan
1.9080551,-9.12048,Abdullah_Albuaijan
6.0532227,5.525338,Abdullah_Albuaijan
12.238745,-0.92529297,Abdullah_Albuaijan
-0.9629467,-8.393764,Abdullah_Albuaijan
1.9047536,-9.963749,Abdullah_Albuaijan
1.9542402,-9.368587,Abdullah_Albuaijan
7.7529864,5.9807363,Abdullah_Albuaijan
12.106931,-0.9653527,Abdullah_Albuaijan
1.9691288,-9.251705,Abdullah_Albuaijan
12.121252,-0.9644306,Abdullah_Albuaijan
1.7611076,1.3815774,Abdullah_Albuaijan
6.439634,2.6574638,Abdullah_Albuaijan
12.243547,-0.9275449,Abdullah_Albuaijan
6.9700637,5.746321,Abdullah_Albuaijan
-0.9203126,8.350453,Abdullah_Albuaijan
1.9762545,-9.273841,Abdullah_Albuaijan
-0.97947234,-8.387091,Abdullah_Albuaijan
6.678095,5.868864,Abdullah_Albuaijan
1.1392564,0.1309927,Abdullah_Albuaijan
6.3865666,2.634074,Abdullah_Albuaijan
-0.4843336,8.346596,Abdullah_Albuaijan
12.226586,-0.93466914,Abdullah_Albuaijan
1.1157286,-8.346214,Abdullah_Albuaijan
1.4633279,-10.504543,Abdullah_Albuaijan
6.4105325,2.638135,Abdullah_Albuaijan
6.4216022,2.6245859,Abdullah_Albuaijan
8.335188,6.2495313,Abdullah_Albuaijan
1.371418,0.09042361,Abdullah_Albuaijan
-9.066599,-8.326386,Abdullah_Albuaijan
-1.0854459,8.619285,Abdullah_Albuaijan
12.192671,-0.9416678,Abdullah_Albuaijan
-0.9392457,-8.294614,Abdullah_Albuaijan
-0.94701356,-8.378147,Abdullah_Albuaijan
12.115556,-0.9561414,Abdullah_Albuaijan
-4.0401373,3.3085861,Abdullah_Albuaijan
6.526103,2.1028764,Abdullah_Albuaijan
-0.90116596,-8.320059,Abdullah_Albuaijan
-0.79700375,8.400175,Abdullah_Albuaijan
-9.240205,-8.394208,Abdullah_Albuaijan
11.8794,-1.0314404,Abdullah_Albuaijan
6.4292593,2.6562517,Abdullah_Albuaijan
7.260436,5.9009705,Abdullah_Albuaijan
-0.98442876,-8.362673,Abdullah_Albuaijan
1.8877277,-9.3584,Abdullah_Albuaijan
12.135963,-0.96192634,Abdullah_Albuaijan
1.3195385,1.7324157,Abdullah_Albuaijan
-8.94035,-8.201318,Abdullah_Albuaijan
-0.8675324,8.3271675,Abdullah_Albuaijan
12.128528,-0.962839,Abdullah_Albuaijan
-8.714923,-8.113738,Abdullah_Albuaijan
6.4430885,2.5231988,Abdullah_Albuaijan
-0.96265507,-8.362759,Abdullah_Albuaijan
-8.636869,-8.003593,Abdullah_Albuaijan
1.3687987,1.8912169,Abdullah_Albuaijan
8.322515,6.221767,Abdullah_Albuaijan
11.176582,-1.2408121,Abdullah_Albuaijan
-1.0176116,-8.384989,Abdullah_Albuaijan
12.0967865,-0.9689907,Abdullah_Albuaijan
1.8329482,-9.412147,Abdullah_Albuaijan
1.7007085,-9.662274,Abdullah_Albuaijan
-1.0885847,-8.27484,Abdullah_Albuaijan
6.3807936,2.6349602,Abdullah_Albuaijan
12.203852,-0.9326761,Abdullah_Albuaijan
-9.116602,-8.400139,Abdullah_Albuaijan
12.053112,-0.9870386,Abdullah_Albuaijan
-0.99588275,8.225157,Abdullah_Albuaijan
-0.43732524,8.199491,Abdullah_Albuaijan
9.806205,-1.4071848,Maher_Almuaiqly
-4.39567,4.0154467,Maher_Almuaiqly
0.36788622,-9.801108,Maher_Almuaiqly
1.3111222,7.917199,Maher_Almuaiqly
-2.803185,7.4587197,Maher_Almuaiqly
0.24543904,-9.702555,Maher_Almuaiqly
-5.9438987,-8.799412,Maher_Almuaiqly
-2.7224643,7.5982413,Maher_Almuaiqly
-3.252146,1.6978887,Maher_Almuaiqly
-5.0084596,-9.043677,Maher_Almuaiqly
9.66263,-1.351695,Maher_Almuaiqly
9.3353,-1.3418279,Maher_Almuaiqly
10.686318,-1.41344,Maher_Almuaiqly
-3.241854,6.906808,Maher_Almuaiqly
0.39419988,-9.728891,Maher_Almuaiqly
5.2129636,-2.6323323,Maher_Almuaiqly
10.504042,-1.4069678,Maher_Almuaiqly
-6.44362,-8.728117,Maher_Almuaiqly
10.229693,-1.7078128,Maher_Almuaiqly
-4.393642,3.6631093,Maher_Almuaiqly
-7.689096,-8.4600525,Maher_Almuaiqly
-3.0259364,7.119612,Maher_Almuaiqly
-1.3994154,6.9728947,Maher_Almuaiqly
9.247263,-1.3548598,Maher_Almuaiqly
9.286913,-1.368101,Maher_Almuaiqly
9.581889,-1.3701669,Maher_Almuaiqly
9.958208,-1.3765886,Maher_Almuaiqly
-4.3475122,3.7185075,Maher_Almuaiqly
9.679215,-1.3658928,Maher_Almuaiqly
-3.4484348,1.8309783,Maher_Almuaiqly
-5.6895113,5.801802,Maher_Almuaiqly
-0.5854634,-9.128251,Maher_Almuaiqly
0.5886305,-10.067082,Maher_Almuaiqly
0.21896426,-9.6261635,Maher_Almuaiqly
-6.5349607,-8.549922,Maher_Almuaiqly
-4.7574387,6.6966624,Maher_Almuaiqly
0.01450872,-9.56197,Maher_Almuaiqly
0.4088986,-9.6617365,Maher_Almuaiqly
-5.7433352,5.662839,Maher_Almuaiqly
-1.8690084,7.4822893,Maher_Almuaiqly
-7.15126,-8.696283,Maher_Almuaiqly
-4.425474,3.7124767,Maher_Almuaiqly
-4.2309976,7.417514,Maher_Almuaiqly
-7.1238546,-8.666488,Maher_Almuaiqly
0.32218605,-9.287462,Maher_Almuaiqly
9.905457,-1.468605,Maher_Almuaiqly
-7.4138455,-8.436201,Maher_Almuaiqly
0.4275182,-9.904411,Maher_Almuaiqly
0.46707466,-9.7931595,Maher_Almuaiqly
-4.8658743,7.284657,Maher_Almuaiqly
9.651104,-1.3251895,Maher_Almuaiqly
-2.4002047,6.9056773,Maher_Almuaiqly
-2.8401563,7.518062,Maher_Almuaiqly
-5.50569,6.61985,Maher_Almuaiqly
-4.3805733,7.4403567,Maher_Almuaiqly
-7.1680284,-8.758935,Maher_Almuaiqly
-2.2605464,7.408629,Maher_Almuaiqly
-2.5445209,8.115033,Maher_Almuaiqly
9.772208,-1.4250145,Maher_Almuaiqly
-7.5712466,-8.55765,Maher_Almuaiqly
9.942078,-1.5777565,Maher_Almuaiqly
-5.2882967,6.6607146,Maher_Almuaiqly
-4.5095353,3.810414,Maher_Almuaiqly
-3.5526466,1.8835453,Maher_Almuaiqly
9.858532,-1.4520502,Maher_Almuaiqly
-3.2987556,7.136189,Maher_Almuaiqly
-6.771459,-8.503554,Maher_Almuaiqly
0.31922826,-9.666633,Maher_Almuaiqly
-6.874563,-8.396103,Maher_Almuaiqly
0.39477116,-9.0186205,Maher_Almuaiqly
-6.6964602,-8.537439,Maher_Almuaiqly
0.32973516,-9.595094,Maher_Almuaiqly
0.15858886,-9.659612,Maher_Almuaiqly
9.799718,-1.3701621,Maher_Almuaiqly
10.467151,-1.3879043,Maher_Almuaiqly
-4.4404564,3.93373,Maher_Almuaiqly
-6.743887,-8.497978,Maher_Almuaiqly
-5.4622245,6.462873,Maher_Almuaiqly
-4.3011727,3.6687331,Maher_Almuaiqly
10.398145,-1.5888871,Maher_Almuaiqly
-6.6630206,-8.495495,Maher_Almuaiqly
0.8466557,-10.005251,Maher_Almuaiqly
-3.2154493,7.5637665,Maher_Almuaiqly
-5.328524,7.06466,Maher_Almuaiqly
-4.3023233,3.9246323,Maher_Almuaiqly
9.806262,-1.4203349,Maher_Almuaiqly
-4.508019,7.5022845,Maher_Almuaiqly
-3.402766,6.9816885,Maher_Almuaiqly
0.4611354,-9.516557,Maher_Almuaiqly
0.2459117,-9.235424,Maher_Almuaiqly
-3.9116757,2.0499299,Maher_Almuaiqly
-6.5824075,-8.434456,Maher_Almuaiqly
-4.26576,7.481117,Maher_Almuaiqly
-7.7176304,-8.512775,Maher_Almuaiqly
-2.6110852,7.366584,Maher_Almuaiqly
-4.5452228,3.7837172,Maher_Almuaiqly
-2.6530297,7.1277027,Maher_Almuaiqly
-3.4453752,1.8148432,Maher_Almuaiqly
-3.5823798,1.9030333,Maher_Almuaiqly
-7.321329,-8.60108,Maher_Almuaiqly
-7.073651,-8.544378,Maher_Almuaiqly
-5.9534802,-8.871519,Maher_Almuaiqly
-1.3604217,7.094697,Maher_Almuaiqly
-4.6939735,2.3256867,Maher_Almuaiqly
0.15210329,-9.680968,Maher_Almuaiqly
9.86238,-1.4253932,Maher_Almuaiqly
9.68726,-1.4083511,Maher_Almuaiqly
0.13130777,-9.758015,Maher_Almuaiqly
-7.580598,-8.587976,Maher_Almuaiqly
-3.9398546,7.176563,Maher_Almuaiqly
0.3863463,-9.791698,Maher_Almuaiqly
-4.551796,7.019815,Maher_Almuaiqly
-4.5716624,2.30573,Maher_Almuaiqly
-3.828789,2.008559,Maher_Almuaiqly
-3.8640602,3.029125,Maher_Almuaiqly
-11.249079,1.0056392,Maher_Almuaiqly
-6.7900677,-8.033873,Maher_Almuaiqly
9.711766,-1.4133048,Maher_Almuaiqly
-5.0342855,7.4700384,Maher_Almuaiqly
-7.1827183,-7.9536495,Maher_Almuaiqly
-3.4839664,6.995397,Maher_Almuaiqly
-4.411341,3.7813826,Maher_Almuaiqly
-3.1815114,7.3391275,Maher_Almuaiqly
-4.4527535,3.7780807,Maher_Almuaiqly
-7.6543636,-8.528143,Maher_Almuaiqly
-0.032628827,-9.568811,Maher_Almuaiqly
-4.868553,6.6617923,Maher_Almuaiqly
0.3801255,-9.934292,Maher_Almuaiqly
-4.383694,3.9727685,Maher_Almuaiqly
-4.090247,7.156083,Maher_Almuaiqly
1.4368616,7.9549904,Maher_Almuaiqly
9.356378,-1.3692021,Maher_Almuaiqly
0.3969491,-9.749005,Maher_Almuaiqly
-6.905009,-8.533492,Maher_Almuaiqly
-7.9017806,-8.651121,Maher_Almuaiqly
-4.866481,6.666522,Maher_Almuaiqly
0.41959387,-9.850621,Maher_Almuaiqly
-6.7412257,-8.582548,Maher_Almuaiqly
-0.48265395,-9.229774,Maher_Almuaiqly
-0.900043,-9.371651,Maher_Almuaiqly
-3.6372018,1.9292248,Maher_Almuaiqly
-2.9514942,7.4056444,Maher_Almuaiqly
-3.6902163,1.9610736,Maher_Almuaiqly
-3.3665786,1.7566658,Maher_Almuaiqly
9.676731,-1.379155,Maher_Almuaiqly
-7.386351,-8.11897,Maher_Almuaiqly
-3.7297783,1.9909725,Maher_Almuaiqly
-2.9722812,1.4649631,Maher_Almuaiqly
-2.4722397,7.3487043,Maher_Almuaiqly
-2.4837422,7.2652173,Maher_Almuaiqly
-7.5377226,-8.523573,Maher_Almuaiqly
-2.9161773,7.655712,Maher_Almuaiqly
-3.5619552,1.8787713,Maher_Almuaiqly
10.189899,-1.5512235,Maher_Almuaiqly
0.72795385,-9.7840605,Maher_Almuaiqly
-1.9084921,7.54201,Maher_Almuaiqly
9.767731,-1.3667158,Maher_Almuaiqly
-2.1187975,7.568026,Maher_Almuaiqly
-6.6080155,-8.580539,Maher_Almuaiqly
9.577379,-1.3769988,Maher_Almuaiqly
-3.1612306,7.3047028,Maher_Almuaiqly
-4.223055,6.973372,Maher_Almuaiqly
9.487529,-1.2861713,Maher_Almuaiqly
-3.6640582,7.296915,Maher_Almuaiqly
9.817208,-1.4261324,Maher_Almuaiqly
-4.248871,3.762875,Maher_Almuaiqly
0.25749835,-9.652266,Maher_Almuaiqly
0.26264387,-9.6318,Maher_Almuaiqly
-6.568064,-8.572657,Maher_Almuaiqly
9.344558,-1.3634523,Maher_Almuaiqly
-4.9775386,6.6767883,Maher_Almuaiqly
-5.038044,6.6680064,Maher_Almuaiqly
-1.729718,7.2407722,Maher_Almuaiqly
10.06045,-1.5236892,Maher_Almuaiqly
-4.311789,3.6203732,Maher_Almuaiqly
-3.5653071,7.0891666,Maher_Almuaiqly
-2.4066806,6.852223,Maher_Almuaiqly
-3.2483296,1.690824,Maher_Almuaiqly
-7.191129,-8.52613,Maher_Almuaiqly
-6.2822723,-8.520188,Maher_Almuaiqly
0.40852377,-9.843323,Maher_Almuaiqly
-3.8139002,2.026634,Maher_Almuaiqly
-4.4116764,7.1426334,Maher_Almuaiqly
-6.896842,-8.570336,Maher_Almuaiqly
0.4616474,-10.14525,Maher_Almuaiqly
-3.4257357,7.166852,Maher_Almuaiqly
10.917071,-1.3504277,Maher_Almuaiqly
-3.8182156,7.15018,Maher_Almuaiqly
-4.8954225,7.18109,Maher_Almuaiqly
-4.0353904,7.3825073,Maher_Almuaiqly
0.26845372,-9.680435,Maher_Almuaiqly
-6.946856,-9.2097025,Maher_Almuaiqly
9.6682,-1.3739569,Maher_Almuaiqly
-1.3763807,7.023592,Maher_Almuaiqly
9.954665,-1.5281141,Maher_Almuaiqly
-1.2494252,7.023755,Maher_Almuaiqly
-3.259261,7.409881,Maher_Almuaiqly
0.4268911,-9.5304,Maher_Almuaiqly
-4.7881455,6.694266,Maher_Almuaiqly
9.490102,-1.3162044,Maher_Almuaiqly
-2.8450413,7.192543,Maher_Almuaiqly
-4.815569,6.684945,Maher_Almuaiqly
-0.45701593,-9.236063,Maher_Almuaiqly
-4.7707486,6.8718567,Maher_Almuaiqly
10.477724,-1.6059734,Maher_Almuaiqly
-4.4605594,3.9523542,Maher_Almuaiqly
-3.3654432,6.858329,Maher_Almuaiqly
-4.45439,3.6225634,Maher_Almuaiqly
0.18463686,-9.6777315,Maher_Almuaiqly
-2.8886256,7.3403153,Maher_Almuaiqly
-3.2965589,1.7282355,Maher_Almuaiqly
-5.5983377,6.2409034,Maher_Almuaiqly
-2.72063,7.264675,Maher_Almuaiqly
-7.1265445,-8.569273,Maher_Almuaiqly
-4.510522,3.8073697,Maher_Almuaiqly
-4.8769755,6.8936834,Maher_Almuaiqly
10.085398,-1.5114392,Maher_Almuaiqly
9.724052,-1.4391365,Maher_Almuaiqly
-7.034075,-8.60508,Maher_Almuaiqly
-3.4819963,1.8463734,Maher_Almuaiqly
0.15485114,-9.433481,Maher_Almuaiqly
-3.3846424,6.971829,Maher_Almuaiqly
-4.1916313,3.5711017,Maher_Almuaiqly
-1.4842592,-8.327485,Maher_Almuaiqly
0.049975675,-9.654755,Maher_Almuaiqly
-3.4666634,1.8342086,Maher_Almuaiqly
-2.9515526,7.5628743,Maher_Almuaiqly
-3.9209518,2.0613742,Maher_Almuaiqly
8.800892,-1.3955672,Maher_Almuaiqly
-7.455919,-8.611929,Maher_Almuaiqly
-3.3995912,7.241836,Maher_Almuaiqly
-2.498394,7.1783156,Maher_Almuaiqly
0.31970352,-9.727833,Maher_Almuaiqly
-3.894929,2.058363,Maher_Almuaiqly
-2.1326222,7.1467247,Maher_Almuaiqly
-3.4662921,1.8176978,Maher_Almuaiqly
-6.933944,-8.568722,Maher_Almuaiqly
-6.66191,-8.759581,Maher_Almuaiqly
-3.8904264,2.0632687,Maher_Almuaiqly
-7.193599,-7.7864676,Maher_Almuaiqly
0.21071653,-9.708087,Maher_Almuaiqly
1.471174,7.9607425,Maher_Almuaiqly
-4.7714257,7.355849,Maher_Almuaiqly
-2.8792133,7.170228,Maher_Almuaiqly
-3.2041545,7.386282,Maher_Almuaiqly
0.13922785,7.2860427,Maher_Almuaiqly
-6.581031,-8.544538,Maher_Almuaiqly
-3.2331665,7.4490404,Maher_Almuaiqly
-0.5139247,6.898325,Maher_Almuaiqly
9.326071,-1.3505903,Maher_Almuaiqly
9.396784,-1.3702935,Maher_Almuaiqly
-3.3587835,1.7733352,Maher_Almuaiqly
-4.3865733,3.7533798,Maher_Almuaiqly
-2.0481844,7.4990306,Maher_Almuaiqly
-6.3997955,-8.673548,Maher_Almuaiqly
-7.251735,-8.330408,Maher_Almuaiqly
-6.9759398,-8.282435,Maher_Almuaiqly
-3.262491,1.7117844,Maher_Almuaiqly
-4.9413395,6.794956,Maher_Almuaiqly
9.562414,-1.3020307,Maher_Almuaiqly
9.728053,-1.3473907,Maher_Almuaiqly
-3.02072,6.958972,Maher_Almuaiqly
-7.395224,-8.5842085,Maher_Almuaiqly
0.2104136,-9.775584,Maher_Almuaiqly
0.73389614,-9.696595,Maher_Almuaiqly
-4.4444547,3.768417,Maher_Almuaiqly
-3.4509597,1.8315963,Maher_Almuaiqly
-4.354514,3.6617372,Maher_Almuaiqly
9.614092,-1.3401334,Maher_Almuaiqly
9.579114,-1.3916279,Maher_Almuaiqly
10.67307,-1.4539495,Maher_Almuaiqly
-3.4034882,1.801491,Maher_Almuaiqly
0.37431335,7.4621224,Maher_Almuaiqly
-3.4881055,1.8427153,Maher_Almuaiqly
-1.312802,-9.2818575,Maher_Almuaiqly
-4.400426,3.647806,Maher_Almuaiqly
-3.4357257,1.828674,Maher_Almuaiqly
-5.286973,7.7604017,Maher_Almuaiqly
-3.5182078,7.161868,Maher_Almuaiqly
-7.6800447,-8.56065,Maher_Almuaiqly
-3.1491418,1.6337119,Maher_Almuaiqly
-3.3838823,7.4041758,Maher_Almuaiqly
-3.6345658,1.9350767,Maher_Almuaiqly
0.18234806,-9.648295,Maher_Almuaiqly
-3.746161,7.239387,Maher_Almuaiqly
-0.41423255,-9.402926,Maher_Almuaiqly
-3.3848145,1.797408,Maher_Almuaiqly
-3.679824,1.9590285,Maher_Almuaiqly
-3.6859121,7.088282,Maher_Almuaiqly
-3.9808526,7.366012,Maher_Almuaiqly
-4.334222,3.622798,Maher_Almuaiqly
-0.80793816,-9.339956,Maher_Almuaiqly
9.149866,-1.356635,Maher_Almuaiqly
-3.7115436,1.9726199,Maher_Almuaiqly
-6.6368017,-8.506909,Maher_Almuaiqly
-3.5900702,1.917672,Maher_Almuaiqly
-3.1445248,7.715347,Maher_Almuaiqly
-0.7959799,7.579075,Maher_Almuaiqly
10.20912,-1.7208726,Maher_Almuaiqly
9.765359,-1.3844763,Maher_Almuaiqly
-6.887624,-8.608917,Maher_Almuaiqly
0.1581018,-9.60756,Maher_Almuaiqly
9.505314,-1.3236651,Maher_Almuaiqly
-2.197437,7.496463,Maher_Almuaiqly
-4.3402967,3.6493728,Maher_Almuaiqly
0.5344574,-9.677841,Maher_Almuaiqly
-3.2002375,7.159361,Maher_Almuaiqly
0.23034209,-9.655368,Maher_Almuaiqly
9.138336,-1.3596135,Maher_Almuaiqly
-4.4293146,8.083362,Maher_Almuaiqly
-2.6914039,7.263591,Maher_Almuaiqly
-4.1529136,2.1765988,Maher_Almuaiqly
-4.6852555,6.745224,Maher_Almuaiqly
9.399763,-1.3841592,Maher_Almuaiqly
-3.4601166,1.8193073,Maher_Almuaiqly
-1.156592,6.9588995,Maher_Almuaiqly
-2.2698898,7.329761,Maher_Almuaiqly
9.549737,-1.345202,Maher_Almuaiqly
-4.747216,6.795177,Maher_Almuaiqly
10.047134,-1.4764209,Maher_Almuaiqly
-3.2458582,1.6887407,Maher_Almuaiqly
-4.4990516,3.794239,Maher_Almuaiqly
-3.8752763,7.146183,Maher_Almuaiqly
-2.9453912,7.261121,Maher_Almuaiqly
-7.814798,-8.753251,Maher_Almuaiqly
-6.357439,-8.446353,Maher_Almuaiqly
9.529223,-1.4190273,Maher_Almuaiqly
-2.9705136,7.278226,Maher_Almuaiqly
-1.6005917,7.5075765,Maher_Almuaiqly
9.630153,-1.3391987,Maher_Almuaiqly
-7.0947695,-8.062973,Maher_Almuaiqly
-3.7144084,1.9700007,Maher_Almuaiqly
-6.8405294,-8.696198,Maher_Almuaiqly
-7.5620933,-8.590801,Maher_Almuaiqly
-3.833127,2.0307448,Maher_Almuaiqly
10.072279,-1.511386,Maher_Almuaiqly
-3.6331387,1.9498411,Maher_Almuaiqly
-6.108829,-8.95232,Maher_Almuaiqly
-4.298203,4.1764526,Maher_Almuaiqly
-4.376998,3.8539827,Maher_Almuaiqly
0.14713635,-9.623825,Maher_Almuaiqly
-6.559,-8.554825,Maher_Almuaiqly
-5.0099463,6.484455,Maher_Almuaiqly
-7.10014,-8.473294,Maher_Almuaiqly
-4.2810616,4.516685,Maher_Almuaiqly
-0.13573956,-9.585123,Maher_Almuaiqly
-6.933653,-8.647654,Maher_Almuaiqly
-4.2651944,3.6387124,Maher_Almuaiqly
9.431874,-1.3660156,Maher_Almuaiqly
0.50187665,-9.797702,Maher_Almuaiqly
-2.679631,-10.538057,Maher_Almuaiqly
-0.95145077,-9.360411,Maher_Almuaiqly
-3.3948839,1.7957832,Maher_Almuaiqly
-5.461505,6.542545,Maher_Almuaiqly
-0.5659392,6.7963614,Maher_Almuaiqly
-3.922836,7.16289,Maher_Almuaiqly
-4.896103,7.3088455,Maher_Almuaiqly
0.32932174,-9.647751,Maher_Almuaiqly
9.81014,-1.4408406,Maher_Almuaiqly
-3.6049206,1.9062483,Maher_Almuaiqly
-3.711655,1.9722853,Maher_Almuaiqly
-4.414344,7.4100604,Maher_Almuaiqly
-2.631079,7.2912016,Maher_Almuaiqly
-7.1688676,-8.644131,Maher_Almuaiqly
-4.2970757,4.2359133,Maher_Almuaiqly
-4.318135,3.6754177,Maher_Almuaiqly
0.68457335,-9.681395,Maher_Almuaiqly
9.516223,-1.3480834,Maher_Almuaiqly
-7.4966273,-8.465199,Maher_Almuaiqly
9.509355,-1.3429941,Maher_Almuaiqly
-4.35928,7.3516693,Maher_Almuaiqly
0.27743497,-9.73689,Maher_Almuaiqly
-6.9751115,-8.083529,Maher_Almuaiqly
-4.753454,6.9861484,Maher_Almuaiqly
-4.2737226,3.5837874,Maher_Almuaiqly
0.4485249,-9.786916,Maher_Almuaiqly
-4.853954,7.413025,Maher_Almuaiqly
-6.6339326,-8.420958,Maher_Almuaiqly
-0.85917705,6.97643,Maher_Almuaiqly
-4.8369484,6.752301,Maher_Almuaiqly
-4.21211,6.9909654,Maher_Almuaiqly
-1.7551043,7.3747535,Maher_Almuaiqly
10.051612,-1.4998528,Maher_Almuaiqly
-1.3593204,6.9851055,Maher_Almuaiqly
-6.735777,-8.255378,Maher_Almuaiqly
-4.3153324,3.6902099,Maher_Almuaiqly
-2.8863485,7.1964636,Maher_Almuaiqly
-0.07802301,-9.544194,Maher_Almuaiqly
-4.136082,6.92606,Maher_Almuaiqly
9.483672,-1.3808304,Maher_Almuaiqly
-2.6976242,7.517183,Maher_Almuaiqly
-0.46354058,-9.473002,Maher_Almuaiqly
-3.4796376,1.8594382,Maher_Almuaiqly
1.6640718,8.015487,Maher_Almuaiqly
-6.597673,-8.502296,Maher_Almuaiqly
-6.2780313,-8.47607,Maher_Almuaiqly
-1.2095299,7.034112,Maher_Almuaiqly
-4.2276583,4.318088,Maher_Almuaiqly
-6.3444676,-8.719371,Maher_Almuaiqly
-3.226851,7.252788,Maher_Almuaiqly
-4.7153473,7.6599417,Maher_Almuaiqly
-4.9185863,6.814983,Maher_Almuaiqly
9.124421,-1.3487059,Maher_Almuaiqly
-6.712356,-8.576382,Maher_Almuaiqly
-6.202925,-8.815401,Maher_Almuaiqly
-4.1439376,7.432625,Maher_Almuaiqly
-4.26191,3.5848014,Maher_Almuaiqly
-4.2937937,3.63578,Maher_Almuaiqly
0.5176824,-9.090511,Maher_Almuaiqly
9.493895,-1.3853033,Maher_Almuaiqly
-4.1777596,4.435433,Maher_Almuaiqly
10.190077,-1.5284351,Maher_Almuaiqly
-7.6875296,-8.509058,Maher_Almuaiqly
9.596911,-1.36212,Maher_Almuaiqly
-3.1010745,7.233424,Maher_Almuaiqly
0.02964753,-9.624384,Maher_Almuaiqly
-4.676425,7.6238327,Maher_Almuaiqly
0.4678524,-9.928301,Maher_Almuaiqly
-2.7789462,7.319494,Maher_Almuaiqly
-4.298352,7.1468434,Maher_Almuaiqly
-4.6947274,7.3707423,Maher_Almuaiqly
0.33788824,-9.203107,Maher_Almuaiqly
9.737433,-1.392467,Maher_Almuaiqly
-4.38118,8.120526,Maher_Almuaiqly
-1.1671894,7.319688,Maher_Almuaiqly
-1.4733711,7.3016334,Maher_Almuaiqly
-4.974378,6.622316,Maher_Almuaiqly
10.518483,-1.4281135,Maher_Almuaiqly
-2.9195611,7.532465,Maher_Almuaiqly
-3.3050396,6.987141,Maher_Almuaiqly
-2.9172256,7.112989,Maher_Almuaiqly
-0.44628716,7.089578,Maher_Almuaiqly
-3.302734,7.1662498,Maher_Almuaiqly
-6.7748656,-8.388469,Maher_Almuaiqly
0.3843094,-9.8070755,Maher_Almuaiqly
0.77382946,-9.693599,Maher_Almuaiqly
-4.3044467,4.4345613,Maher_Almuaiqly
-6.550318,-8.797315,Maher_Almuaiqly
-4.3008666,3.6946623,Maher_Almuaiqly
0.2550213,-9.662881,Maher_Almuaiqly
-4.058257,7.0118704,Maher_Almuaiqly
-4.3691854,7.433152,Maher_Almuaiqly
-1.3941054,6.986464,Maher_Almuaiqly
0.43040857,-9.495043,Maher_Almuaiqly
-5.082947,6.880874,Maher_Almuaiqly
9.524353,-1.3051729,Maher_Almuaiqly
-9.382929,3.1886818,Maher_Almuaiqly
0.48326027,-9.729245,Maher_Almuaiqly
-3.6377568,1.929785,Maher_Almuaiqly
-2.8260536,7.2440996,Maher_Almuaiqly
-2.7418716,7.656357,Maher_Almuaiqly
-4.3516397,3.6421678,Maher_Almuaiqly
0.19750933,-9.609682,Maher_Almuaiqly
-7.2137656,-8.62957,Maher_Almuaiqly
-3.5440392,1.8713244,Maher_Almuaiqly
-3.8571863,7.176675,Maher_Almuaiqly
10.855251,-6.3096886,AbdulBari_Althubaity
10.284113,-5.803594,AbdulBari_Althubaity
-8.617809,6.8355894,AbdulBari_Althubaity
10.585056,-6.0709214,AbdulBari_Althubaity
-0.51307356,2.3538225,AbdulBari_Althubaity
4.4384804,3.5646195,AbdulBari_Althubaity
-1.4503497,2.0828104,AbdulBari_Althubaity
-8.32597,7.1048455,AbdulBari_Althubaity
4.9060493,4.1376643,AbdulBari_Althubaity
-8.477868,7.021773,AbdulBari_Althubaity
-8.498595,7.046683,AbdulBari_Althubaity
-2.3202033,1.6960269,AbdulBari_Althubaity
9.849436,1.9286475,AbdulBari_Althubaity
4.802502,3.5511863,AbdulBari_Althubaity
-8.51509,7.0271626,AbdulBari_Althubaity
9.832974,1.9474936,AbdulBari_Althubaity
10.65736,-6.1349535,AbdulBari_Althubaity
-0.5565344,-6.976463,AbdulBari_Althubaity
9.835063,1.9323018,AbdulBari_Althubaity
9.854295,1.9289919,AbdulBari_Althubaity
0.7710146,1.5457225,AbdulBari_Althubaity
10.886525,-6.317067,AbdulBari_Althubaity
-1.4476606,2.1156492,AbdulBari_Althubaity
9.804464,1.9218446,AbdulBari_Althubaity
8.659997,8.558922,AbdulBari_Althubaity
-0.8981923,-7.0360236,AbdulBari_Althubaity
3.5967536,1.2765238,AbdulBari_Althubaity
-8.466578,7.0672812,AbdulBari_Althubaity
10.528359,-6.0239477,AbdulBari_Althubaity
10.916062,-6.350403,AbdulBari_Althubaity
4.9294252,3.5339646,AbdulBari_Althubaity
-8.564963,6.9099393,AbdulBari_Althubaity
8.763488,8.706348,AbdulBari_Althubaity
10.9141245,-6.361667,AbdulBari_Althubaity
8.820487,8.4311285,AbdulBari_Althubaity
5.2554774,3.4733098,AbdulBari_Althubaity
-1.4286982,2.137496,AbdulBari_Althubaity
-1.3826002,2.085848,AbdulBari_Althubaity
-0.49055627,-6.9533486,AbdulBari_Althubaity
-1.3847754,0.65651804,AbdulBari_Althubaity
-1.4383792,2.1016073,AbdulBari_Althubaity
1.1526799,0.67759496,AbdulBari_Althubaity
10.979152,-6.405718,AbdulBari_Althubaity
-1.6950173,1.8114011,AbdulBari_Althubaity
9.768337,1.9218397,AbdulBari_Althubaity
-0.5822886,-6.98652,AbdulBari_Althubaity
8.76905,8.471385,AbdulBari_Althubaity
-8.2851095,7.1585407,AbdulBari_Althubaity
-8.527554,6.957491,AbdulBari_Althubaity
5.1554036,4.6238537,AbdulBari_Althubaity
-1.4592392,2.1752245,AbdulBari_Althubaity
10.884738,-6.3271856,AbdulBari_Althubaity
10.931993,-6.3730087,AbdulBari_Althubaity
10.51761,-5.9991817,AbdulBari_Althubaity
-1.5336087,2.177039,AbdulBari_Althubaity
5.0411263,4.1042705,AbdulBari_Althubaity
8.832676,8.230595,AbdulBari_Althubaity
-1.4393355,2.1980624,AbdulBari_Althubaity
-8.377661,7.0195613,AbdulBari_Althubaity
-0.59748936,-6.991798,AbdulBari_Althubaity
2.294451,1.8541247,AbdulBari_Althubaity
9.862229,1.8895322,AbdulBari_Althubaity
-8.649404,6.5142064,AbdulBari_Althubaity
10.809486,-6.2673073,AbdulBari_Althubaity
-8.636559,6.7661815,AbdulBari_Althubaity
10.860718,-6.3129983,AbdulBari_Althubaity
10.911467,-6.357574,AbdulBari_Althubaity
-0.51751447,-6.994916,AbdulBari_Althubaity
-8.246678,6.927338,AbdulBari_Althubaity
10.610648,-6.092794,AbdulBari_Althubaity
-1.4280611,2.1211443,AbdulBari_Althubaity
10.812398,-6.273561,AbdulBari_Althubaity
-8.430274,7.1255736,AbdulBari_Althubaity
-1.6153198,-6.972391,AbdulBari_Althubaity
10.740026,-6.2073298,AbdulBari_Althubaity
9.873249,2.0850475,AbdulBari_Althubaity
-1.0542023,-6.9218144,AbdulBari_Althubaity
1.7412578,0.6497843,AbdulBari_Althubaity
9.809086,1.9244872,AbdulBari_Althubaity
-1.5271022,2.1204598,AbdulBari_Althubaity
1.3024004,0.46022353,AbdulBari_Althubaity
8.630891,8.558758,AbdulBari_Althubaity
4.704966,3.5525866,AbdulBari_Althubaity
-8.649931,6.7329087,AbdulBari_Althubaity
-1.8166637,-7.1347823,AbdulBari_Althubaity
10.86934,-6.3228574,AbdulBari_Althubaity
10.478291,-5.974681,AbdulBari_Althubaity
-1.5022923,2.0984643,AbdulBari_Althubaity
4.7733693,3.5407777,AbdulBari_Althubaity
10.857912,-6.3067255,AbdulBari_Althubaity
4.9885025,4.158447,AbdulBari_Althubaity
-4.006555,3.31778,AbdulBari_Althubaity
4.755728,3.5256357,AbdulBari_Althubaity
9.131839,6.911702,AbdulBari_Althubaity
-1.4975357,2.1028903,AbdulBari_Althubaity
0.9705997,0.71268016,AbdulBari_Althubaity
5.076472,3.53175,AbdulBari_Althubaity
-8.336055,7.1435337,AbdulBari_Althubaity
-5.841827,4.347672,AbdulBari_Althubaity
10.867888,-6.3227572,AbdulBari_Althubaity
-8.619431,6.737305,AbdulBari_Althubaity
0.6147322,0.36520997,AbdulBari_Althubaity
-8.602763,6.791124,AbdulBari_Althubaity
-1.4642195,2.0079184,AbdulBari_Althubaity
8.743139,8.532107,AbdulBari_Althubaity
9.829684,1.9281734,AbdulBari_Althubaity
8.602199,8.717071,AbdulBari_Althubaity
10.389006,-5.8948426,AbdulBari_Althubaity
10.757035,-6.222991,AbdulBari_Althubaity
-0.5257368,-7.0331244,AbdulBari_Althubaity
8.680869,8.505381,AbdulBari_Althubaity
10.395849,-5.905662,AbdulBari_Althubaity
9.8545065,1.9420477,AbdulBari_Althubaity
-3.3908985,1.9185891,AbdulBari_Althubaity
4.850307,3.567683,AbdulBari_Althubaity
-0.55160236,-6.9653516,AbdulBari_Althubaity
1.222857,0.33346152,AbdulBari_Althubaity
9.843641,1.9269783,AbdulBari_Althubaity
-8.623791,6.7813234,AbdulBari_Althubaity
-8.521511,7.024534,AbdulBari_Althubaity
-8.603061,6.8508925,AbdulBari_Althubaity
-8.509248,6.975714,AbdulBari_Althubaity
1.2750354,0.4225437,AbdulBari_Althubaity
-0.90737987,-6.9228735,AbdulBari_Althubaity
10.321802,-5.8311057,AbdulBari_Althubaity
9.806757,1.9175906,AbdulBari_Althubaity
-8.595512,6.9438653,AbdulBari_Althubaity
-1.4694698,2.1298199,AbdulBari_Althubaity
-8.660269,6.6570683,AbdulBari_Althubaity
-2.1294873,-7.140403,AbdulBari_Althubaity
-1.5031933,2.0671854,AbdulBari_Althubaity
-1.8642348,1.7494161,AbdulBari_Althubaity
2.4031303,2.389776,AbdulBari_Althubaity
-1.5840781,2.1504655,AbdulBari_Althubaity
8.778454,8.550442,AbdulBari_Althubaity
9.822616,1.9317393,AbdulBari_Althubaity
5.5618854,3.027568,AbdulBari_Althubaity
-2.409178,1.7327595,AbdulBari_Althubaity
-1.420729,1.9600557,AbdulBari_Althubaity
10.657002,-6.133158,AbdulBari_Althubaity
8.856722,8.346361,AbdulBari_Althubaity
-8.627048,6.7273064,AbdulBari_Althubaity
1.0714095,-7.286952,AbdulBari_Althubaity
1.1610061,0.59218866,AbdulBari_Althubaity
9.81112,1.9188979,AbdulBari_Althubaity
-0.5975693,-6.9541173,AbdulBari_Althubaity
-1.4675561,2.0446897,AbdulBari_Althubaity
-8.398746,7.104217,AbdulBari_Althubaity
8.805886,8.505736,AbdulBari_Althubaity
9.826049,1.9282175,AbdulBari_Althubaity
-1.3929212,1.7128665,AbdulBari_Althubaity
9.890222,1.9935414,AbdulBari_Althubaity
9.816795,1.9250993,AbdulBari_Althubaity
-8.667632,6.449611,AbdulBari_Althubaity
-1.4690782,2.1020317,AbdulBari_Althubaity
-1.4129755,2.115307,AbdulBari_Althubaity
8.711881,8.564335,AbdulBari_Althubaity
10.339362,-5.8423467,AbdulBari_Althubaity
8.936645,8.521368,AbdulBari_Althubaity
4.484177,3.513279,AbdulBari_Althubaity
-1.4957277,2.0392745,AbdulBari_Althubaity
5.2077494,3.4469097,AbdulBari_Althubaity
10.782536,-6.236775,AbdulBari_Althubaity
-8.339554,7.1301613,AbdulBari_Althubaity
9.84662,1.9247314,AbdulBari_Althubaity
4.636149,3.53369,AbdulBari_Althubaity
-8.599399,6.8618174,AbdulBari_Althubaity
9.850873,1.9457858,AbdulBari_Althubaity
-8.6680765,6.567832,AbdulBari_Althubaity
9.838266,1.906348,AbdulBari_Althubaity
9.843555,1.9311844,AbdulBari_Althubaity
-8.556157,6.913934,AbdulBari_Althubaity
3.5789316,0.753743,AbdulBari_Althubaity
-0.42473006,-6.96443,AbdulBari_Althubaity
9.81268,1.9254413,AbdulBari_Althubaity
9.838804,1.934946,AbdulBari_Althubaity
10.697021,-6.172902,AbdulBari_Althubaity
10.898946,-6.3458376,AbdulBari_Althubaity
9.856941,1.9345244,AbdulBari_Althubaity
9.769501,1.9216512,AbdulBari_Althubaity
1.2719692,-7.342262,AbdulBari_Althubaity
-8.511495,7.0349135,AbdulBari_Althubaity
-1.4492463,1.9769828,AbdulBari_Althubaity
-1.4469018,2.1899986,AbdulBari_Althubaity
-8.085728,7.144277,AbdulBari_Althubaity
-1.4723593,2.0389335,AbdulBari_Althubaity
2.0500863,1.7675265,AbdulBari_Althubaity
8.682624,8.63264,AbdulBari_Althubaity
8.717149,8.606744,AbdulBari_Althubaity
-1.6376941,2.136165,AbdulBari_Althubaity
-1.5550117,2.0745347,AbdulBari_Althubaity
-8.57334,6.915347,AbdulBari_Althubaity
10.958455,-6.3861375,AbdulBari_Althubaity
-1.4214886,2.0530758,AbdulBari_Althubaity
8.73396,8.526102,AbdulBari_Althubaity
-1.3153952,-6.9756255,AbdulBari_Althubaity
8.749335,8.427819,AbdulBari_Althubaity
-0.8150495,-6.911859,AbdulBari_Althubaity
-8.647954,6.7548575,AbdulBari_Althubaity
-8.54942,6.9527516,AbdulBari_Althubaity
9.148568,7.1248302,AbdulBari_Althubaity
-3.2908068,1.9008504,AbdulBari_Althubaity
10.735342,-6.19818,AbdulBari_Althubaity
-0.9990656,-7.001304,AbdulBari_Althubaity
4.988647,3.4910698,AbdulBari_Althubaity
1.4309415,0.43960917,AbdulBari_Althubaity
-8.618151,6.8158727,AbdulBari_Althubaity
-8.605245,6.8716307,AbdulBari_Althubaity
-8.364504,7.0995893,AbdulBari_Althubaity
10.330512,-5.847353,AbdulBari_Althubaity
1.1257757,0.28583336,AbdulBari_Althubaity
4.2475452,0.5865663,AbdulBari_Althubaity
10.454483,-5.953529,AbdulBari_Althubaity
-0.7071297,-7.0692215,AbdulBari_Althubaity
10.699322,-6.163519,AbdulBari_Althubaity
8.714971,8.678253,AbdulBari_Althubaity
-1.606098,2.0763898,AbdulBari_Althubaity
4.9863644,4.565799,AbdulBari_Althubaity
-1.4830868,2.151956,AbdulBari_Althubaity
5.593919,0.37582082,AbdulBari_Althubaity
-0.65341526,-6.967915,AbdulBari_Althubaity
-8.634015,6.7923822,AbdulBari_Althubaity
4.926901,4.3001676,AbdulBari_Althubaity
-1.9099194,1.9638326,AbdulBari_Althubaity
2.096027,0.7429014,AbdulBari_Althubaity
1.3569794,0.41285202,AbdulBari_Althubaity
10.801486,-6.2644687,AbdulBari_Althubaity
10.822582,-6.2830825,AbdulBari_Althubaity
10.950106,4.6043115,AbdulBari_Althubaity
10.73583,-6.204858,AbdulBari_Althubaity
-1.3591489,-9.947413,AbdulBari_Althubaity
9.800869,1.9262141,AbdulBari_Althubaity
9.822792,1.9362061,AbdulBari_Althubaity
-1.080958,-6.979248,AbdulBari_Althubaity
10.65251,-6.128016,AbdulBari_Althubaity
-8.5978155,6.8915634,AbdulBari_Althubaity
-8.612629,6.7228575,AbdulBari_Althubaity
9.756257,1.9170213,AbdulBari_Althubaity
4.8604717,3.5483432,AbdulBari_Althubaity
4.829526,3.5371099,AbdulBari_Althubaity
9.784807,1.918315,AbdulBari_Althubaity
4.9163613,3.6301167,AbdulBari_Althubaity
-0.6692138,-6.84632,AbdulBari_Althubaity
-0.5730728,-6.9864445,AbdulBari_Althubaity
-8.494314,7.0455985,AbdulBari_Althubaity
-8.499031,7.0244017,AbdulBari_Althubaity
-1.5103132,2.0992713,AbdulBari_Althubaity
8.665068,8.699177,AbdulBari_Althubaity
-2.130457,-7.156778,AbdulBari_Althubaity
5.346425,3.2835822,AbdulBari_Althubaity
-1.5999123,2.1532214,AbdulBari_Althubaity
-1.4745991,2.0180452,AbdulBari_Althubaity
-8.48087,7.0473523,AbdulBari_Althubaity
2.5469165,0.6880659,AbdulBari_Althubaity
4.9984684,3.511884,AbdulBari_Althubaity
10.675058,-6.1500998,AbdulBari_Althubaity
10.592068,-6.0794234,AbdulBari_Althubaity
-0.7006471,-7.057546,AbdulBari_Althubaity
-8.3806,7.1133146,AbdulBari_Althubaity
9.836008,1.9318968,AbdulBari_Althubaity
8.779885,8.604754,AbdulBari_Althubaity
9.808945,1.9211806,AbdulBari_Althubaity
1.7949363,-9.200442,AbdulBari_Althubaity
5.191058,3.4752374,AbdulBari_Althubaity
-0.58395535,-6.9946074,AbdulBari_Althubaity
-8.53066,6.993411,AbdulBari_Althubaity
-1.6243212,2.1658266,AbdulBari_Althubaity
8.741845,8.23962,AbdulBari_Althubaity
-8.625322,6.8264594,AbdulBari_Althubaity
-1.5113615,2.210349,AbdulBari_Althubaity
-1.1649249,-6.961378,AbdulBari_Althubaity
10.413155,-5.919429,AbdulBari_Althubaity
10.455496,-5.9542556,AbdulBari_Althubaity
10.361006,-5.8701034,AbdulBari_Althubaity
10.941392,-6.379424,AbdulBari_Althubaity
10.80045,-6.2640443,AbdulBari_Althubaity
1.3340358,-7.3247566,AbdulBari_Althubaity
8.759571,8.564997,AbdulBari_Althubaity
10.970717,-6.391629,AbdulBari_Althubaity
-1.4631418,1.9620477,AbdulBari_Althubaity
8.712571,8.586231,AbdulBari_Althubaity
-1.5975773,2.1670623,AbdulBari_Althubaity
-8.524749,7.0350604,AbdulBari_Althubaity
4.4206815,3.602463,AbdulBari_Althubaity
10.60284,-6.0838084,AbdulBari_Althubaity
4.55817,3.6239715,AbdulBari_Althubaity
-1.6266519,2.1027572,AbdulBari_Althubaity
-1.5010217,2.0798023,AbdulBari_Althubaity
8.802343,8.591359,AbdulBari_Althubaity
10.586821,-6.075503,AbdulBari_Althubaity
-8.431419,7.0754104,AbdulBari_Althubaity
-1.4497957,2.1295526,AbdulBari_Althubaity
-8.616411,6.793452,AbdulBari_Althubaity
-1.5189255,2.1974466,AbdulBari_Althubaity
-1.4003723,2.0660691,AbdulBari_Althubaity
-1.418797,1.9836166,AbdulBari_Althubaity
-2.48965,1.7850482,AbdulBari_Althubaity
2.3828363,0.7316057,AbdulBari_Althubaity
9.837395,1.9297085,AbdulBari_Althubaity
8.800445,8.418887,AbdulBari_Althubaity
4.827316,4.4952345,AbdulBari_Althubaity
-8.492036,6.9833846,AbdulBari_Althubaity
9.751167,1.9113622,AbdulBari_Althubaity
-1.5921552,1.9344188,AbdulBari_Althubaity
10.277744,-5.795915,AbdulBari_Althubaity
10.763582,-6.2276955,AbdulBari_Althubaity
-1.4508653,2.1192346,AbdulBari_Althubaity
8.699099,8.680164,AbdulBari_Althubaity
-8.58271,6.89403,AbdulBari_Althubaity
-8.538488,6.679338,AbdulBari_Althubaity
0.7342798,0.41418165,AbdulBari_Althubaity
10.523969,-6.017482,AbdulBari_Althubaity
-0.5475607,-7.1193037,AbdulBari_Althubaity
8.769521,8.600005,AbdulBari_Althubaity
10.894908,-6.346239,AbdulBari_Althubaity
1.0236069,0.44998783,AbdulBari_Althubaity
3.3527896,3.42819,AbdulBari_Althubaity
1.0616167,0.4541032,AbdulBari_Althubaity
10.945769,-6.3832216,AbdulBari_Althubaity
1.1947387,0.30789948,AbdulBari_Althubaity
10.829775,-6.289815,AbdulBari_Althubaity
1.5022731,0.4293126,AbdulBari_Althubaity
4.8883343,3.5548635,AbdulBari_Althubaity
-8.512618,7.0806265,AbdulBari_Althubaity
2.6859274,0.6770862,AbdulBari_Althubaity
-0.5965435,-6.9499726,AbdulBari_Althubaity
1.3018193,0.28862438,AbdulBari_Althubaity
10.352573,-5.8677435,AbdulBari_Althubaity
8.7066965,8.561536,AbdulBari_Althubaity
8.653767,8.716264,AbdulBari_Althubaity
-8.580499,7.0347757,AbdulBari_Althubaity
1.6078947,0.58586764,AbdulBari_Althubaity
8.627146,8.645786,AbdulBari_Althubaity
2.420071,0.6304317,AbdulBari_Althubaity
-1.3399096,0.8454115,AbdulBari_Althubaity
9.051837,7.301609,AbdulBari_Althubaity
-0.6982246,-6.970066,AbdulBari_Althubaity
2.2599468,0.7856024,AbdulBari_Althubaity
-8.346947,7.13305,AbdulBari_Althubaity
9.677834,1.9049333,AbdulBari_Althubaity
10.910387,-6.355065,AbdulBari_Althubaity
-8.501613,7.0483437,AbdulBari_Althubaity
-1.7247051,-7.0368333,AbdulBari_Althubaity
4.557699,3.5602016,AbdulBari_Althubaity
2.3080823,0.63078,AbdulBari_Althubaity
9.664751,1.8836583,AbdulBari_Althubaity
-10.193809,3.3038907,AbdulBari_Althubaity
1.6215203,0.4392459,AbdulBari_Althubaity
10.695395,-6.1704717,AbdulBari_Althubaity
10.830956,-6.289383,AbdulBari_Althubaity
8.728021,8.57712,AbdulBari_Althubaity
-2.5843487,4.3311286,AbdulBari_Althubaity
1.3073753,0.37506792,AbdulBari_Althubaity
4.9356365,3.4836893,AbdulBari_Althubaity
4.4960213,3.5181348,AbdulBari_Althubaity
-0.32480085,-7.036288,AbdulBari_Althubaity
-0.57160485,-7.0965624,AbdulBari_Althubaity
-1.5744027,2.1526198,AbdulBari_Althubaity
-1.4578054,2.1344204,AbdulBari_Althubaity
-1.8486152,2.0323567,AbdulBari_Althubaity
-8.442796,7.095213,AbdulBari_Althubaity
4.06095,0.6427516,AbdulBari_Althubaity
10.496518,-5.9911404,AbdulBari_Althubaity
-8.606197,6.7513785,AbdulBari_Althubaity
-8.454138,7.0935473,AbdulBari_Althubaity
1.2840959,0.30118042,AbdulBari_Althubaity
1.4888144,1.1706636,AbdulBari_Althubaity
-1.4602585,1.9114516,AbdulBari_Althubaity
-2.0223813,1.8117566,AbdulBari_Althubaity
10.501062,-5.9979177,AbdulBari_Althubaity
-0.9790894,-6.945108,AbdulBari_Althubaity
-8.560006,6.9272227,AbdulBari_Althubaity
10.974428,-6.401755,AbdulBari_Althubaity
4.9035316,4.1143694,AbdulBari_Althubaity
-1.4446229,-6.9834366,AbdulBari_Althubaity
9.835588,1.9337987,AbdulBari_Althubaity
5.00868,4.0435843,AbdulBari_Althubaity
-8.395635,7.1132536,AbdulBari_Althubaity
10.702217,-6.1766157,AbdulBari_Althubaity
1.9629716,1.2917839,AbdulBari_Althubaity
-1.4658146,2.110365,AbdulBari_Althubaity
-1.5016342,2.049476,AbdulBari_Althubaity
8.700114,8.607458,AbdulBari_Althubaity
9.843685,1.9292564,AbdulBari_Althubaity
10.690286,-6.1649714,AbdulBari_Althubaity
8.787266,8.39983,AbdulBari_Althubaity
10.768867,-6.2208314,AbdulBari_Althubaity
10.594174,-6.08193,AbdulBari_Althubaity
5.0705824,3.6155732,AbdulBari_Althubaity
10.859822,-6.3144684,AbdulBari_Althubaity
9.815926,1.9258355,AbdulBari_Althubaity
9.84977,1.9314212,AbdulBari_Althubaity
4.8140187,3.5344634,AbdulBari_Althubaity
10.819094,-6.266837,AbdulBari_Althubaity
5.743744,2.9125333,AbdulBari_Althubaity
-8.618183,6.84664,AbdulBari_Althubaity
8.810302,8.4565115,AbdulBari_Althubaity
10.770957,-6.238523,AbdulBari_Althubaity
9.516998,1.8886471,AbdulBari_Althubaity
1.5128125,2.0361044,AbdulBari_Althubaity
2.3053365,0.5743069,AbdulBari_Althubaity
8.659778,8.633302,AbdulBari_Althubaity
9.797288,1.9245055,AbdulBari_Althubaity
-1.7736758,1.9240874,AbdulBari_Althubaity
-1.4867743,-6.8570743,AbdulBari_Althubaity
1.2346985,0.52706283,AbdulBari_Althubaity
8.714346,8.558043,AbdulBari_Althubaity
0.96179163,0.3328742,AbdulBari_Althubaity
-1.5786784,1.657553,AbdulBari_Althubaity
4.9424324,3.5644727,AbdulBari_Althubaity
-1.4763027,2.1430843,AbdulBari_Althubaity
-0.013589415,-7.167113,AbdulBari_Althubaity
-8.487016,6.9929094,AbdulBari_Althubaity
8.761689,8.460368,AbdulBari_Althubaity
9.851832,1.9262862,AbdulBari_Althubaity
0.87796885,0.22250265,AbdulBari_Althubaity
4.950096,3.6502855,AbdulBari_Althubaity
9.807224,1.9252242,AbdulBari_Althubaity
4.913008,3.5505228,AbdulBari_Althubaity
1.1756834,-7.294611,AbdulBari_Althubaity
9.847275,1.938788,AbdulBari_Althubaity
-8.372778,7.146315,AbdulBari_Althubaity
10.674329,-6.151687,AbdulBari_Althubaity
8.69454,8.593918,AbdulBari_Althubaity
-1.5254712,2.1377254,AbdulBari_Althubaity
9.803265,1.9248676,AbdulBari_Althubaity
-8.522025,6.8827057,AbdulBari_Althubaity
4.7595534,3.5186646,AbdulBari_Althubaity
-1.0642873,-7.037594,AbdulBari_Althubaity
4.9710875,3.5474722,AbdulBari_Althubaity
4.8219514,3.6743226,AbdulBari_Althubaity
-1.4561478,2.0687685,AbdulBari_Althubaity
1.5638849,0.6938769,AbdulBari_Althubaity
10.823732,-6.279444,AbdulBari_Althubaity
8.908981,8.5233,AbdulBari_Althubaity
-1.5578406,2.0750844,AbdulBari_Althubaity
-1.5019227,2.106972,AbdulBari_Althubaity
-0.63912684,-7.0685844,AbdulBari_Althubaity
-1.6992998,2.0912862,AbdulBari_Althubaity
8.687914,8.630316,AbdulBari_Althubaity
9.713039,1.8955407,AbdulBari_Althubaity
5.022214,0.69544995,AbdulBari_Althubaity
-8.564962,7.0072556,AbdulBari_Althubaity
4.6908336,3.5551133,AbdulBari_Althubaity
-1.8261603,-7.0571175,AbdulBari_Althubaity
8.724852,8.666504,AbdulBari_Althubaity
-8.538407,6.971179,AbdulBari_Althubaity
-1.5217688,2.1722202,AbdulBari_Althubaity
-1.65614,1.9257317,AbdulBari_Althubaity
0.55177486,-7.255839,AbdulBari_Althubaity
-8.533605,7.0079055,AbdulBari_Althubaity
5.0458283,5.083789,AbdulBari_Althubaity
1.4724175,2.0202787,AbdulBari_Althubaity
-8.511513,7.0173616,AbdulBari_Althubaity
2.2970066,8.507148,AbdulBari_Althubaity
1.3233502,1.8589973,AbdulBari_Althubaity
